dataset,kernel,param,split,offdiag_mean,offdiag_std,eff_rank,eff_rank_frac,kta,kta_event_only,kta_perm_p,kta_null_mean,kta_null_std,align_linear,g_vs_linear,align_rbf,g_vs_rbf,alpha,test_cindex,train_cindex,gap
vlc,linear,,0,-0.08888888888888884,2.9517190567483094,6.656509531261815,0.07314845638749247,0.2008242306382969,0.21113792387675775,0.004975124378109453,0.0013806289954618974,0.015914924793409658,1.0,0.9999728963872536,0.9190967024708873,2.950364378203329,0.00390625,0.6758130081300813,0.7756261296152853,0.09981312148520405
vlc,clinical,,0,0.61831773578175,0.15046078804017352,2.4301677671944613,0.026705140298840233,0.13109010391135462,0.13637694348775714,0.004975124378109453,0.0006548533013904237,0.01594089896804823,0.8600097258506559,238.09858963055692,0.8571537309726778,6.677845330567342,0.25,0.6321138211382114,0.8244255099406145,0.19231168880240312
vlc,rbf,0.125,0,0.8792460210853423,0.06276507790763525,1.282933830381452,0.014098173960235735,0.20258226276183802,0.21301171574706348,0.004975124378109453,0.0013889108808362997,0.015888459519062106,0.9966863443259922,283.1305832298289,0.9457123552859359,2.0873787615322823,0.25,0.6829268292682927,0.7875032274722438,0.10457639820395104
vlc,rbf,0.25,0,0.7770130205991578,0.10501856290577713,1.6154792897495993,0.017752519667578015,0.20297250603748074,0.21341628436026364,0.004975124378109453,0.0014037843876198114,0.01587819337253318,0.9889278411538965,266.4909927388686,0.9643365188905456,1.8158441408825283,0.03125,0.681910569105691,0.7818228763232636,0.0999123072175726
vlc,rbf,0.5,0,0.6147781327354219,0.15423203619701958,2.449095772252553,0.026913140354423656,0.20145948312302328,0.21171944443251195,0.004975124378109453,0.001453377698246062,0.015881226720471923,0.967695425880073,237.74177890337435,0.986687951787297,1.4308026423589757,0.03125,0.676829268292683,0.7921507875032274,0.11532151921054445
vlc,rbf,1.0,0,0.4017396734791308,0.18861937642486748,4.859168716326474,0.053397458421170045,0.19420484301777813,0.20364897408839883,0.004975124378109453,0.0016131207207441135,0.015907760593211674,0.9190967024708873,193.61639438577063,1.0,0.9999870400499181,0.00390625,0.6565040650406504,0.7792408985282726,0.12273683348762221
vlc,rbf,2.0,0,0.19697203441002448,0.182995801196315,12.124134988845958,0.13323225262468086,0.17366046901708573,0.1809826004618289,0.004975124378109453,0.002064284609275095,0.015930607716015614,0.8180463560419299,138.5173167355134,0.9697292038268199,2.7044801158726135,0.00390625,0.6443089430894309,0.7875032274722438,0.1431942843828129
vlc,rbf,4.0,0,0.07228544559510512,0.14288895480386046,27.510569909130783,0.3023139550453932,0.13321966718967418,0.13686333930999176,0.004975124378109453,0.003093174979356136,0.0160309373777199,0.6464591558690441,89.74312188973632,0.8448925780711646,6.748100507835829,6.103515625e-05,0.6209349593495935,0.7598760650658405,0.13894110571624696
vlc,rbf,8.0,0,0.025642439049822573,0.10371522567307585,44.88741151842881,0.4932682584442727,0.08990957449296784,0.0891752513990823,0.004975124378109453,0.004661951590412031,0.01641391131002869,0.47812033815193916,65.71343653248006,0.6699040470326444,13.029326363170812,0.00390625,0.6056910569105691,0.8280402788536019,0.22234922194303275
vlc,Q-1L,0.1,0,0.9444435902484077,0.025643001198493803,1.1188045895801333,0.012294555929452014,0.1443532399261332,0.14885148782279314,0.004975124378109453,0.0015613221986458831,0.016055259752542194,0.8877200206914532,293.2581533140501,0.8901131902231803,2.341167075623358,2.0,0.6758130081300813,0.7859540407952491,0.11014103266516784
vlc,Q-1L,0.14677992676220694,0,0.8844691654726693,0.05206354690400368,1.2700686800060945,0.013956798681385654,0.1442925430304991,0.14862267906056265,0.004975124378109453,0.001582361229652694,0.016067956943139013,0.8871116510547875,283.90852140987874,0.8949395599838353,2.2323677283674,2.0,0.6737804878048781,0.8009295120061968,0.12714902420131868
vlc,Q-1L,0.21544346900318834,0,0.7690026557504802,0.09893225404153004,1.6514305325895757,0.018147588270215117,0.14396380968729838,0.14792908877883862,0.004975124378109453,0.0016308313554320832,0.01609996405081904,0.8846237251690809,264.98596222688457,0.9041753415635344,2.019214490906135,0.25,0.6707317073170732,0.7936999741802221,0.12296826686314888
vlc,Q-1L,0.31622776601683794,0,0.5731660222889807,0.16446294021181507,2.757487074880252,0.030302055767914858,0.14231639173148342,0.14549468226294676,0.004975124378109453,0.0017493325680397586,0.016188924923488744,0.8738105133906391,229.36984711540026,0.9183483617358983,1.6474651885789497,0.03125,0.6514227642276422,0.7823392718822618,0.1309165076546196
vlc,Q-1L,0.46415888336127786,0,0.3173197061656422,0.21470384199902215,6.4034640237000975,0.0703677365241769,0.13456151556083185,0.13615416202264355,0.004975124378109453,0.002058162200823652,0.01644703929653123,0.8275332505078103,172.14550223623303,0.9213060455038492,2.022061241486537,0.03125,0.6473577235772358,0.7978311386522076,0.1504734150749718
vlc,Q-1L,0.6812920690579611,0,0.11485168220437712,0.20798194136294648,14.966451181376241,0.16446649649864,0.10652699547333806,0.1059044181308701,0.004975124378109453,0.0027653623363766856,0.017010109455509362,0.6769190373622268,107.74278306064434,0.8358588732658186,4.026864073769181,0.03125,0.6260162601626016,0.8089336431706687,0.18291738300806715
vlc,Q-1L,1.0,0,0.046255226897830765,0.1772912648827014,22.628617405034788,0.2486661253300526,0.07531949961187857,0.07403753408409786,0.004975124378109453,0.0034761154073319066,0.017175111294364935,0.515987773449731,86.01307373466405,0.6999493916089521,6.556690691375792,0.25,0.5884146341463414,0.8776142525174283,0.2891996183710869
vlc,Q-2L,0.1,0,0.8866626543294654,0.05299149308889018,1.2637469195070736,0.013887328785792017,0.15140137013976948,0.15604570509928134,0.004975124378109453,0.001565647065722636,0.016146499509496665,0.8839487268720266,284.25534212587314,0.8873858688123804,2.2344038788209115,0.25,0.6646341463414634,0.7813064807642655,0.116672334422802
vlc,Q-2L,0.14677992676220694,0,0.7694432871650474,0.10419611454817135,1.646731497403589,0.01809595052091856,0.15411870076632542,0.15850958505656712,0.004975124378109453,0.0016158696915209159,0.0162053876101523,0.8793723381824419,265.05803113670925,0.8926375493907078,2.015227969910515,0.25,0.6686991869918699,0.7980893364317067,0.12939014943983673
vlc,Q-2L,0.21544346900318834,0,0.5691324193542031,0.17858214823624524,2.755713855452771,0.03028256984014034,0.15690790895206733,0.16059921825481044,0.004975124378109453,0.0017500181740619368,0.016315447419960435,0.8670581594014378,228.5665549390156,0.9031908661379238,1.6413772108218643,0.03125,0.6473577235772358,0.7846630518977536,0.1373053283205179
vlc,Q-2L,0.31622776601683794,0,0.3169959327921109,0.2334661947439494,6.087217236012941,0.06689249709904331,0.15505209806202033,0.15717462458170375,0.004975124378109453,0.002078876021714536,0.016524096660955896,0.8258646019455892,172.04228968723456,0.9100062182315853,2.0182478949523897,0.03125,0.641260162601626,0.7952491608572166,0.15398899825559065
vlc,Q-2L,0.46415888336127786,0,0.1372555732372474,0.21590404442359815,13.205959406226343,0.14512043303545433,0.13076819865152936,0.1311605963313971,0.004975124378109453,0.00263076747262052,0.016745983249887044,0.7051699216113855,116.5425341803981,0.8565137519779541,3.609387936133003,0.03125,0.6321138211382114,0.8089336431706687,0.17681982203245739
vlc,Q-2L,0.6812920690579611,0,0.06918971517730006,0.17878954127986085,21.124655741242954,0.2321390740795929,0.08723946704943984,0.08802218782852152,0.004975124378109453,0.0035087310378252214,0.016939525190855523,0.5445253167951323,88.51180406056567,0.7231814168643381,6.062161434637731,6.103515625e-05,0.5914634146341463,0.7407694293829074,0.14930601474876104
vlc,Q-2L,1.0,0,0.03832924832210005,0.15070007627981394,28.65087755301475,0.31484480827488737,0.07917279438032321,0.07952382014033922,0.004975124378109453,0.003695426274505786,0.016926076819347397,0.5011730520059253,78.05691729719783,0.6879307594234212,9.66639015673522,0.03125,0.600609756097561,0.8468887167570359,0.24627896065947497
vlc,Q-3L,0.1,0,0.8354436893928732,0.0759735498738645,1.4144396343210708,0.015543292684846931,0.16016617659370772,0.16519048881468448,0.004975124378109453,0.0015847453962948843,0.016285886790736052,0.8804021493517565,276.03176056929567,0.8880255180560266,2.1364333595443434,0.25,0.6636178861788617,0.7869868319132456,0.12336894573438384
vlc,Q-3L,0.14677992676220694,0,0.6774447208639375,0.1412063695406165,2.063569132592357,0.022676583874641283,0.16439569131065124,0.16914207293649822,0.004975124378109453,0.001686462214058577,0.01640629074411432,0.8705330064682902,248.96662715245571,0.8941557078274567,1.836178521100656,0.03125,0.6432926829268293,0.7802736896462691,0.1369810067194398
vlc,Q-3L,0.21544346900318834,0,0.44072249654279966,0.21482130305432112,4.020392489538944,0.044180137247680704,0.16458778004307154,0.16837896508724068,0.004975124378109453,0.0019206808450673621,0.01663253337551364,0.8445093341685026,201.76945088334148,0.9032550631383984,1.8089748066545128,0.03125,0.6361788617886179,0.7916343919442292,0.1554555301556113
vlc,Q-3L,0.31622776601683794,0,0.21200026472651376,0.23252216032022033,9.181754289169165,0.10089839878207874,0.14905976086369388,0.15079608061147037,0.004975124378109453,0.002319364465694366,0.016950455329190327,0.7717618807576138,142.1449310793633,0.8914514280932293,2.7476681762367345,0.03125,0.6321138211382114,0.7998967208882004,0.16778289974998906
vlc,Q-3L,0.46415888336127786,0,0.09308962134114096,0.19519729189748078,17.469463938412666,0.19197213119134798,0.1066166802955953,0.10593591658469764,0.004975124378109453,0.0029636113577369626,0.01704268325494244,0.6256275104256113,98.64632167838808,0.7972377484751095,4.647899805433637,0.03125,0.6270325203252033,0.8195197521301317,0.19248723180492844
vlc,Q-3L,0.6812920690579611,0,0.047286878376384324,0.1617075859450555,25.600015846121703,0.28131885545188684,0.07639549245047833,0.07609097654510502,0.004975124378109453,0.0035523530775636004,0.017109070067452842,0.5132925024690039,82.67781930634399,0.701642180105435,7.370689631319056,0.03125,0.616869918699187,0.8409501678285567,0.22408024912936975
vlc,Q-3L,1.0,0,0.029106243806210883,0.12864117556131463,35.46907451269296,0.38977004959003253,0.06857919313594825,0.06771528281541017,0.004975124378109453,0.004206320593177356,0.016823047903560553,0.4640365757236501,73.40191557214611,0.6569510813654075,11.267075877806786,6.103515625e-05,0.5823170731707317,0.7616834495223341,0.17936637635160246
vlc,Q-ZZ,0.1,0,0.9441971655020834,0.02571149110924463,1.1193766879307279,0.012300842724513494,0.14472208906305453,0.14925457143161922,0.004975124378109453,0.0015544795372301396,0.016052971755042847,0.8883249703212376,293.2203550608354,0.8908062743662506,2.3407469357453903,2.0,0.6778455284552846,0.7854376452362509,0.10759211678096636
vlc,Q-ZZ,0.14677992676220694,0,0.8833981672152136,0.05232600840594568,1.273052569359683,0.013989588674282231,0.1451238334009969,0.14952603822945038,0.004975124378109453,0.0015692623368177355,0.016064472178325316,0.8884434335794523,283.73889080371873,0.8965324703292091,2.2305114683234293,2.0,0.6727642276422764,0.8019623031241931,0.12919807548191675
vlc,Q-ZZ,0.21544346900318834,0,0.7647951023011841,0.09967575688706945,1.6686160609557164,0.018336440230282598,0.1458111218741232,0.14991904465807743,0.004975124378109453,0.001611149761023396,0.016099461443854986,0.8874303346069661,264.27211352974484,0.9078684872064451,2.0117758940463735,0.25,0.6717479674796748,0.7960237541957139,0.12427578671603912
vlc,Q-ZZ,0.31622776601683794,0,0.5603326365365728,0.1647629321288859,2.8705941944460087,0.031544991147758335,0.14620144540287544,0.14964103181209715,0.004975124378109453,0.0017471891344931938,0.016220415590796452,0.87866441375099,226.85097647780185,0.9263741983558862,1.626324497968166,0.03125,0.6554878048780488,0.7825974696617609,0.1271096647837121
vlc,Q-ZZ,0.46415888336127786,0,0.29762103198180573,0.20609556594228481,7.112247965834397,0.07815657105312525,0.14275459804371485,0.14502988805426315,0.004975124378109453,0.0021867493282175148,0.016587655566543662,0.831086175945725,166.97713728935798,0.9338244162055372,2.145520890377224,0.03125,0.6524390243902439,0.804286083139685,0.15184705874944104
vlc,Q-ZZ,0.6812920690579611,0,0.11404037436807976,0.18474997804750315,17.358466661474846,0.19075238089532798,0.1293166205911286,0.1319136332788412,0.004975124378109453,0.0032711238790954895,0.017111719919026915,0.6805247113714232,107.65954840524664,0.8475533108364967,5.095527998316486,0.00390625,0.6239837398373984,0.7660728117738187,0.14208907193642029
vlc,Q-ZZ,1.0,0,0.05139807340846256,0.15806061010063577,26.10260069160741,0.2868417658418397,0.09340637395693856,0.10056637818571744,0.004975124378109453,0.004690750769347494,0.017847652732984547,0.4909246903593226,83.71162714380128,0.6547358269422127,12.729080317367542,0.00048828125,0.5985772357723578,0.756003098373354,0.15742586260099622
vlc,P-Q-2L,0.1,0,0.4092447569316093,0.20160538870678305,4.611952275394652,0.05068079423510606,0.13977836520872722,0.14231614836796946,0.004975124378109453,0.001751540639335427,0.016224044042273275,0.8600635551688245,194.73821388616662,0.9315722660437808,1.7545537387523455,0.25,0.6565040650406504,0.8241673121611154,0.167663247120465
vlc,P-Q-2L,0.14677992676220694,0,0.41041416777736817,0.20206963736989986,4.5879715502178255,0.05041726978261347,0.1403410817120223,0.14338922174613666,0.004975124378109453,0.0016883993148911708,0.01620545591554721,0.8544853127943225,195.22700283750507,0.9254101513847155,2.0352498156037315,0.25,0.6565040650406504,0.8270074877356055,0.1705034226949551
vlc,P-Q-2L,0.21544346900318834,0,0.39847229181188915,0.20798724887715997,4.7436604914014975,0.05212813726814832,0.13849182098129956,0.14241249274594375,0.004975124378109453,0.001709928663864651,0.01630552500586429,0.8278417465065656,193.05343991644105,0.9011746600090892,2.8321935147645196,0.25,0.6524390243902439,0.8319132455460883,0.17947422115584433
vlc,P-Q-2L,0.31622776601683794,0,0.38812551657409483,0.22518450674917997,4.7590525472518435,0.05229728073903125,0.12833294403691703,0.1336985355178042,0.004975124378109453,0.0018186903944641707,0.016670880275546023,0.7497779713858842,192.05526059450173,0.825010205388569,4.643545647774483,0.03125,0.6483739837398373,0.7967983475342112,0.14842436379437385
vlc,P-Q-2L,0.46415888336127786,0,0.4074461240566828,0.25032400872687005,4.216730533245396,0.046337698167531825,0.10035072528969657,0.10783158509902636,0.004975124378109453,0.0013573060961951028,0.0170435030640062,0.5912313524926599,198.26020832576583,0.659327712890992,7.78760488964214,0.03125,0.6402439024390244,0.8115156209656597,0.17127171852663525
vlc,P-Q-2L,0.6812920690579611,0,0.38857351976996635,0.2371523967621606,4.630864724770642,0.05088862334912793,0.04112371396633446,0.05069906959360251,0.024875621890547265,0.00044067200128966507,0.015615626619165227,0.46707747530138927,194.45245714770004,0.5346724625922441,11.018074486515303,0.00390625,0.6544715447154471,0.7149496514329977,0.060478106717550606
vlc,P-Q-2L,1.0,0,0.3876345347577317,0.26796812233017203,4.336209635966132,0.04765065534028717,0.005045663516043187,0.0025822567843871865,0.35323383084577115,0.002288982690143631,0.016005238183031418,0.21621035064116542,200.00661078070644,0.27929058432747933,21.89883572897437,0.25,0.6046747967479674,0.8401755744900594,0.235500777742092
vlc,linear,,1,-0.08888888888888889,2.9710028848951104,6.5776000997989374,0.0722813197780103,0.19051870685970565,0.20916662393568994,,,,1.0,0.9999723649948127,0.9231020503676991,2.949150074337926,0.03125,0.7118301314459049,0.7506493506493507,0.038819219203445776
vlc,clinical,,1,0.6145063636139629,0.15063374020898795,2.4576146865290402,0.02700675479702242,0.13711870894016284,0.15059309208027233,,,,0.8676983588688031,237.37627147373456,0.8673179710674428,7.4250217558583165,2.0,0.6228513650151668,0.8758441558441559,0.25299279082898907
vlc,rbf,0.125,1,0.8789048072198816,0.06312572253222119,1.2838371047101775,0.014108100051760194,0.19287580514853214,0.2119575853490753,,,,0.9968874868264191,283.0744301199779,0.9482314837150178,2.076985259435486,0.25,0.723963599595551,0.7672727272727272,0.04330912767717621
vlc,rbf,0.25,1,0.7764585169994321,0.10540136917689129,1.6174972691849137,0.017774695265768282,0.19383105014585347,0.21316307266784823,,,,0.9896049197522181,266.38972372104433,0.9658538661685865,1.805004999303547,0.03125,0.7057633973710818,0.7618181818181818,0.05605478444709999
vlc,rbf,0.5,1,0.6139972772453208,0.15433088117184868,2.4546191520811216,0.02697383683605628,0.19331219092687346,0.21278451621502367,,,,0.9696039438471741,237.56805710473915,0.9871458415798984,1.423529460074515,0.00390625,0.6956521739130435,0.7545454545454545,0.05889328063241106
vlc,rbf,1.0,1,0.4008106773479465,0.1880040055745039,4.882099060172956,0.05364944022168083,0.18764616486087138,0.2065922254084158,,,,0.9231020503676991,193.33143260586266,1.0,0.9999869834823601,0.00390625,0.6936299292214358,0.7664935064935064,0.0728635772720706
vlc,rbf,2.0,1,0.1959947051881778,0.18111016730117155,12.281806380135802,0.1349649052762176,0.16960013896164258,0.18618027616080193,,,,0.8232622922971244,138.04404124565332,0.969711896138855,2.655311147661392,6.103515625e-05,0.6552072800808898,0.7496103896103896,0.09440310952949982
vlc,rbf,4.0,1,0.07121481716165907,0.13983895884519013,28.292645074573816,0.3109081876326793,0.1321432548067466,0.1437863160547889,,,,0.6469754723269779,88.92090389953239,0.8410735322446468,6.530738647916587,6.103515625e-05,0.6400404448938322,0.7631168831168831,0.12307643822305092
vlc,rbf,8.0,1,0.024626484594275314,0.10099670816287683,46.13173040055618,0.5069420923138042,0.08827799364235031,0.09462525993962013,,,,0.46960631571742456,63.452722871222775,0.6581602705665739,12.775980442235966,6.103515625e-05,0.6137512639029322,0.8015584415584416,0.18780717765550936
vlc,Q-1L,0.1,1,0.9427989304728367,0.026402193818524537,1.1226110769931632,0.012336385461463331,0.12181785775581618,0.13392443892935424,,,,0.8929892678056957,293.00565679807784,0.8942957876651728,2.3329933567203835,2.0,0.7158746208291203,0.7631168831168831,0.04724226228776274
vlc,Q-1L,0.14677992676220694,1,0.8811915815537154,0.05353460363667157,1.279117310830281,0.014056234184948143,0.12192040730151808,0.1339314507821214,,,,0.892354603564423,283.3884632192456,0.8990180010048563,2.2219982119311332,0.25,0.7199191102123357,0.7581818181818182,0.0382627079694825
vlc,Q-1L,0.21544346900318834,1,0.7630364505062344,0.10144787587580865,1.6750583201857896,0.018407234287755928,0.12198341109250098,0.13376699376913656,,,,0.8897860217341501,263.9704722547088,0.9080178579150676,2.0051290230290117,0.25,0.7108190091001011,0.7677922077922078,0.05697319869210671
vlc,Q-1L,0.31622776601683794,1,0.5642498610244325,0.16771513288929157,2.827354486586309,0.031069829522926473,0.12135071921826993,0.13255291882799522,,,,0.8786781907565834,227.61214496556195,0.9216018463776406,1.6292287352697283,0.03125,0.6956521739130435,0.7618181818181818,0.06616600790513838
vlc,Q-1L,0.46415888336127786,1,0.308697536958164,0.216807293150109,6.590878110105164,0.07242723197917762,0.11639408346247061,0.12604830231495578,,,,0.8314160954426311,169.87164242291098,0.9229722046450808,2.1429098249150744,0.03125,0.6845298281092013,0.7727272727272727,0.08819744461807144
vlc,Q-1L,0.6812920690579611,1,0.11174273182027272,0.2070425597938175,15.21287483265636,0.16717444871050943,0.09508113583684713,0.10148685870706657,,,,0.680320476483196,106.64596964234423,0.8358251273512227,4.171619551866947,0.00048828125,0.6036400404448938,0.7106493506493506,0.10700931020445681
vlc,Q-1L,1.0,1,0.04546216340336972,0.17313938229656048,23.42966614608805,0.25746885874822034,0.07154694912302895,0.07630146851550049,,,,0.518579330873857,81.66063206657634,0.6995095934257481,5.964647114654079,0.00390625,0.6102123356926188,0.7667532467532467,0.15654091106062795
vlc,Q-2L,0.1,1,0.8829378622542686,0.05469206386000538,1.2739505478274211,0.0139994565695321,0.12017721738907387,0.1321905242402502,,,,0.8891721583031154,283.6652797046331,0.8909006780900691,2.224309443626626,0.25,0.7199191102123357,0.7571428571428571,0.03722374693052144
vlc,Q-2L,0.14677992676220694,1,0.7621497588882743,0.10739988417956267,1.6753616984975914,0.01841056811535815,0.11994838997600814,0.1316704431172613,,,,0.8845684237447108,263.81840271318237,0.8958265070224795,2.001494973316192,0.03125,0.7017189079878665,0.7480519480519481,0.046333040064081565
vlc,Q-2L,0.21544346900318834,1,0.5574006967134181,0.1832456095626692,2.845109952701415,0.03126494453518038,0.12014035128959229,0.13114999023647275,,,,0.8722414828763662,226.25432967711984,0.9060271088631686,1.6218430337175604,0.03125,0.698685540950455,0.7592207792207792,0.060535238270324254
vlc,Q-2L,0.31622776601683794,1,0.30535668240498126,0.2366889471560004,6.304649311834764,0.06928186056961279,0.11964446239285752,0.12913732566242592,,,,0.831180511208524,169.00630951727678,0.9127204905922075,2.175073090777173,0.00048828125,0.6167846309403437,0.6945454545454546,0.07776082360511083
vlc,Q-2L,0.46415888336127786,1,0.13393021946152167,0.21460532659523596,13.462837964113206,0.14794327433091434,0.10985249868134452,0.11787089274358423,,,,0.7109511161652757,115.3660345134694,0.8591727217665709,3.9105726814510686,0.03125,0.6501516683518705,0.7976623376623376,0.14751066931046708
vlc,Q-2L,0.6812920690579611,1,0.06816117482665811,0.1740556350887127,21.95565596318819,0.24127094465041965,0.0861768472605012,0.0939240206347302,,,,0.552482091116255,88.11887413670763,0.7284505707027092,5.711940170542625,0.00390625,0.6299292214357938,0.7771428571428571,0.14721363570706336
vlc,Q-2L,1.0,1,0.03588612675700664,0.14414707085508707,30.475988472345087,0.3349009722235724,0.08364009361747328,0.09084939344689444,,,,0.4961568903007344,72.98671256736995,0.67978773161105,9.077209911097063,0.00390625,0.6016177957532861,0.7974025974025974,0.19578480164931134
vlc,Q-3L,0.1,1,0.8297015464006535,0.07872934893502138,1.4327489605388333,0.01574449407185531,0.12327012409073664,0.1358290447773974,,,,0.885537310435777,275.0944163673586,0.8914658550841137,2.124990745954642,0.25,0.7138523761375126,0.7605194805194805,0.04666710438196786
vlc,Q-3L,0.14677992676220694,1,0.6669000074584598,0.14603499934638095,2.1188726838392506,0.023284315207024734,0.12365900666371965,0.13600368340301708,,,,0.8761020830499978,247.05546486795535,0.8974693421029807,1.82065313840781,0.25,0.7057633973710818,0.7748051948051948,0.06904179743411298
vlc,Q-3L,0.21544346900318834,1,0.4267852353646151,0.22017781972401662,4.182724989016266,0.04596401086831061,0.12311647467271823,0.13463248070253991,,,,0.851279869235255,198.64474099523102,0.9070053271467837,1.8085410472702395,0.03125,0.6855409504550051,0.7646753246753247,0.07913437422031966
vlc,Q-3L,0.31622776601683794,1,0.20364202262326858,0.2335489095423027,9.43849756949057,0.10371975351088539,0.11698168702287458,0.12638438324288365,,,,0.7790121779000712,139.48138595746627,0.8955584326905326,3.068487254442676,0.00390625,0.6258847320525783,0.7337662337662337,0.1078815017136554
vlc,Q-3L,0.46415888336127786,1,0.0913542998550585,0.1928064166937853,17.854364436951133,0.196201806999463,0.09359363943933298,0.09987512483123982,,,,0.6327816578593761,98.14721226976206,0.801158214248511,4.542479531351055,0.03125,0.6359959555106168,0.8098701298701299,0.17387417435951302
vlc,Q-3L,0.6812920690579611,1,0.04578734249314645,0.15627711037866415,26.86972353764485,0.29527168722686653,0.07666576292732989,0.08303247034967577,,,,0.5156310205198993,78.66312151954176,0.7009858463505949,6.547982616331027,0.00390625,0.6177957532861477,0.7849350649350649,0.16713931164891727
vlc,Q-3L,1.0,1,0.02776063646121052,0.12306302176272309,37.41215712475948,0.4111226057665877,0.06780872842233963,0.0735728713855934,,,,0.4475111808263162,68.03990661207426,0.6373308914693048,12.528049582862835,0.03125,0.5819009100101112,0.8716883116883117,0.2897874016782005
vlc,Q-ZZ,0.1,1,0.942540764746028,0.02646877028070929,1.1232136766143157,0.012343007435322151,0.12244788482921647,0.13463400250911164,,,,0.8936045946542509,292.96602678378133,0.894994115013905,2.332578528434692,2.0,0.7148634984833164,0.7638961038961039,0.04903260541278742
vlc,Q-ZZ,0.14677992676220694,1,0.8800708332365876,0.053786054088181275,1.2822755628226072,0.014090940250797882,0.12336722562921153,0.13554716580073212,,,,0.8937091016685972,283.210662738329,0.9006262755134853,2.2201846896212856,0.25,0.7199191102123357,0.7607792207792208,0.0408601105668851
vlc,Q-ZZ,0.21544346900318834,1,0.7586451402747657,0.10212551569883366,1.69341750597559,0.01860898358214934,0.12535264255785325,0.13747612622681027,,,,0.8926310419878686,263.2229766797973,0.9117522549380164,1.9979656303335194,0.25,0.7067745197168858,0.7766233766233767,0.0698488569064909
vlc,Q-ZZ,0.31622776601683794,1,0.5509226242085525,0.16766510856948427,2.9500954668785018,0.03241863150415936,0.12917044765650937,0.1409660130373504,,,,0.883500408601883,224.98035546337073,0.929700375098892,1.6097887935474193,0.03125,0.6966632962588474,0.767012987012987,0.07034969075413966
vlc,Q-ZZ,0.46415888336127786,1,0.2880175967566294,0.2070993827529923,7.3827764375580145,0.08112941140173642,0.13369450708841268,0.14421291043490708,,,,0.83442915364939,164.40136217661845,0.9355134766264537,2.3759890960936616,0.03125,0.6713852376137512,0.7854545454545454,0.11406930784079417
vlc,Q-ZZ,0.6812920690579611,1,0.10797130668482911,0.18182812650930252,18.110410122371544,0.19901549585023676,0.12618752026057892,0.13516684502221576,,,,0.6865641068325223,105.04405981410973,0.851198950291722,4.6335109656769955,0.00048828125,0.6167846309403437,0.7412987012987013,0.1245140703583576
vlc,Q-ZZ,1.0,1,0.04861810923960026,0.15372867353068126,27.248280270515753,0.29943165132434896,0.09495747870291765,0.10627912435958611,,,,0.5003977969802048,80.25552496586708,0.6610622219924532,11.768256618473757,0.00048828125,0.6006066734074823,0.7631168831168831,0.16251020970940078
vlc,P-Q-2L,0.1,1,0.41466573361977394,0.20249197128156216,4.512644281792124,0.04958949760211125,0.11795982993736194,0.12872302746807418,,,,0.8637748473201143,196.0263820191188,0.9301396367797802,1.827603053184603,0.03125,0.6885743174924166,0.7758441558441559,0.08726983835173929
vlc,P-Q-2L,0.14677992676220694,1,0.4091072039983919,0.20392740858537106,4.594576973993957,0.050489856857076444,0.11835580004464208,0.12962713930704906,,,,0.85648354655785,194.9790944780373,0.923636125771983,2.0629019385987335,0.03125,0.6825075834175935,0.78,0.09749241658240648
vlc,P-Q-2L,0.21544346900318834,1,0.3962296727479851,0.20805530425653065,4.783017444523429,0.05256063125849922,0.12117603299117355,0.1337340091481002,,,,0.832635029941051,192.57844554835526,0.9027734675561913,2.5998852839447153,0.03125,0.6643073811931244,0.7864935064935065,0.12218612530038209
vlc,P-Q-2L,0.31622776601683794,1,0.38544118538617017,0.22019124480524302,4.857369936951787,0.0533776916148548,0.12958488793628892,0.14516420287220094,,,,0.762401118718583,191.47876464621663,0.8361871604326071,4.134434867738255,0.03125,0.6582406471183013,0.7911688311688312,0.13292818405052986
vlc,P-Q-2L,0.46415888336127786,1,0.40462648597049616,0.24236656223734618,4.3288451603759315,0.04756972703709815,0.13520588546509205,0.15532431847667763,,,,0.6043674460339075,197.44624487993244,0.6724807528585955,6.485757571919748,0.03125,0.6268958543983822,0.8036363636363636,0.17674050923798135
vlc,P-Q-2L,0.6812920690579611,1,0.3870903750345707,0.23047679225513493,4.723281635473314,0.05190419379641004,0.10397904700848218,0.12785714817474594,,,,0.48132732243362875,194.06823009351163,0.552257563473517,11.081781538224003,6.103515625e-05,0.6188068756319515,0.694025974025974,0.07521909839402252
vlc,P-Q-2L,1.0,1,0.388623493632439,0.25749158130465527,4.426132021523239,0.048638813423332296,0.010548746195052684,0.01077489611001018,,,,0.20686019197398023,199.35769508853932,0.26158869649767597,21.783303924418085,0.25,0.5985844287158746,0.8488311688311688,0.25024674011529424
vlc,linear,,2,-0.08888888888888889,2.9454147494625205,6.603599893359955,0.07256703179516434,0.18569990175115877,0.19115070145958024,,,,1.0,0.9999730875467011,0.9147984682551328,3.171753553449983,0.00390625,0.7162022703818369,0.7668300232138251,0.05062775283198817
vlc,clinical,,2,0.6215294924549993,0.1504901075031273,2.4070790499668244,0.026451418131503566,0.12458676574442458,0.12885772775774282,,,,0.852524452066497,238.71021398972326,0.8575473873994571,7.199281967173728,0.03125,0.6996904024767802,0.7632189837503224,0.06352858127354222
vlc,rbf,0.125,2,0.879210863085362,0.06741723785693152,1.2820492172714462,0.014088452937048858,0.18770921565765342,0.1932069608536154,,,,0.9952072687885731,283.1382781545441,0.9461135376190853,2.0727233779550676,0.25,0.7265221878224974,0.7761155532628321,0.04959336544033466
vlc,rbf,0.25,2,0.777556825727565,0.10976136399990444,1.610682308909154,0.017699805592408285,0.18764924620948978,0.1930811535080144,,,,0.9851601109427393,266.6069806519472,0.9658258867250434,1.798794789344906,0.03125,0.7120743034055728,0.7709569254578282,0.05888262205225547
vlc,rbf,0.5,2,0.6166421742626466,0.1569031638930246,2.430688279139827,0.026710860210327772,0.18479860357543373,0.18990478285036508,,,,0.9615703445386535,238.11493879991608,0.9875209228053742,1.4193943832015166,0.03125,0.7162022703818369,0.781274181067836,0.06507191068599905
vlc,rbf,1.0,2,0.4048661739190055,0.19028933511669874,4.786602104397938,0.05260002312525206,0.1753557629303835,0.17951157912463261,,,,0.9147984682551328,194.37373739370025,1.0,0.9999871437245464,0.03125,0.7234262125902993,0.8008769667268506,0.07745075413655134
vlc,rbf,2.0,2,0.20012664984296966,0.1857731994046104,11.801916350401259,0.12969138846594788,0.15232926072137976,0.15467490196519637,,,,0.8173298960326306,139.75067025393892,0.9696970382772168,2.7382988252851432,0.00390625,0.6883384932920537,0.774567964921331,0.0862294716292773
vlc,rbf,4.0,2,0.07456235759439571,0.14646680035880758,26.522213363852078,0.2914528941082646,0.11011555044022477,0.11078874853315228,,,,0.6415645688551824,91.94493138914748,0.8398599610368706,6.475736474659351,6.103515625e-05,0.651186790505676,0.7570286303843178,0.10584183987864182
vlc,rbf,8.0,2,0.027012068777381333,0.10859301911156934,42.78349192851663,0.4701482629507322,0.06764188196027089,0.0681249571949739,,,,0.4679472983237809,68.9967838932029,0.6600050965689743,12.186785551528457,6.103515625e-05,0.6429308565531475,0.7910755738973433,0.14814471734419576
vlc,Q-1L,0.1,2,0.9449197686218174,0.025991875666971677,1.1176696730932139,0.012282084319705646,0.1193815840873106,0.12320256071388869,,,,0.8829040368543094,293.33121940993755,0.8883129579380473,2.3447780844638997,2.0,0.7234262125902993,0.7730203765798298,0.04959416398953054
vlc,Q-1L,0.14677992676220694,2,0.8854550425022681,0.052783212105391164,1.2671711617508015,0.013924957821437378,0.1188433768962021,0.12256500670462862,,,,0.8823395870870291,284.0647914367759,0.8930732767759282,2.238056055926502,0.25,0.7069143446852425,0.7634769151405726,0.056562570455330086
vlc,Q-1L,0.21544346900318834,2,0.7709511150192528,0.10034679408696859,1.6426242116213017,0.018050815512321995,0.1174899811770728,0.12099057842975498,,,,0.8799184568052316,265.3170768876931,0.9021571005779713,2.0293461343614996,0.03125,0.6831785345717234,0.7498065514573123,0.06662801688558895
vlc,Q-1L,0.31622776601683794,2,0.5766441391235666,0.1669900283419323,2.721587142964846,0.029907551021591715,0.11368867497089438,0.11669085663594168,,,,0.8690957411035097,230.05537580187712,0.9159241571759115,1.6693509697310271,0.03125,0.6873065015479877,0.7580603559453185,0.07075385439733084
vlc,Q-1L,0.46415888336127786,2,0.3222827575996321,0.21853877792967027,6.2131802511207805,0.06827670605627231,0.1019155855353309,0.10385774912299792,,,,0.8220644741420117,173.48617313573342,0.9175128376172708,2.1485172529380394,0.03125,0.6996904024767802,0.7753417590920815,0.07565135661530131
vlc,Q-1L,0.6812920690579611,2,0.11930336148688261,0.212711817820578,14.323569759885046,0.15740186549324228,0.07049841763190759,0.07113220769191171,,,,0.6681971949996728,110.40878987857896,0.8279800650414826,4.113646264604146,16.0,0.5944272445820433,0.9233943770956925,0.3289671325136492
vlc,Q-1L,1.0,2,0.04879218497215191,0.182273295033514,21.644090716906824,0.23784715073523982,0.04464395171324309,0.045726125884934535,,,,0.5036294772255635,89.0335844799854,0.6879071249323064,5.826596698376775,0.03125,0.6692466460268318,0.8199638896053649,0.1507172435785331
vlc,Q-2L,0.1,2,0.8869587114637393,0.05398287690786125,1.2627508063888546,0.01387638248778961,0.11915770003881399,0.1224057168336424,,,,0.8783793786438842,284.3023704704718,0.8849959155240728,2.239408080652275,0.25,0.7110423116615067,0.7627031209698221,0.0516608093083154
vlc,Q-2L,0.14677992676220694,2,0.76965078971975,0.10637447182890807,1.6446474288603443,0.018073048668794993,0.1181540350549046,0.12089818944806559,,,,0.8733608593696557,265.09426140624873,0.8896790641623393,2.0237643735313418,0.25,0.717234262125903,0.7725045137993294,0.05527025167342636
vlc,Q-2L,0.21544346900318834,2,0.56915031832434,0.18268443732087347,2.7444761265270783,0.030159078313484376,0.11548532036942655,0.1172995539206797,,,,0.8604776139419313,228.5759436136161,0.8993702192479467,1.6613202033307994,0.03125,0.6914344685242518,0.7585762187258189,0.0671417502015671
vlc,Q-2L,0.31622776601683794,2,0.31829503124332376,0.23867266682615185,5.969219871605985,0.06559582276490093,0.1069294479629807,0.10746716569673276,,,,0.8189808844647056,172.42276490261318,0.9054051638566643,2.169758730252238,0.03125,0.6893704850361198,0.7750838277018313,0.08571334266571151
vlc,Q-2L,0.46415888336127786,2,0.1424641546487022,0.22001430536524869,12.668431507070254,0.13921353304472806,0.08282603185500387,0.08391354383958119,,,,0.6971066049881033,118.90838882363391,0.8496408135471666,3.881105186846559,0.03125,0.6924664602683178,0.7939128191900955,0.10144635892177767
vlc,Q-2L,0.6812920690579611,2,0.0723937932853292,0.18240210357876796,20.37606156556766,0.22391276445678748,0.05401538899268066,0.056852410739095416,,,,0.533336883243028,92.60392662326716,0.7129567299533829,5.404118852495501,0.25,0.6604747162022704,0.8702605107041527,0.20978579450188228
vlc,Q-2L,1.0,2,0.038831059532605905,0.15212234045595674,28.274785777979503,0.3107119316261484,0.05271162682606758,0.05371368341837474,,,,0.4835211262501543,79.90092883135304,0.671573584265321,8.918275284606054,0.03125,0.6501547987616099,0.8387928810936292,0.18863808233201929
vlc,Q-3L,0.1,2,0.8352456164583488,0.0780648384775801,1.4144570063434931,0.015543483586192232,0.12160781104735321,0.12492885883350122,,,,0.8733873844241901,275.99954830567896,0.8834718391270562,2.142380224236775,0.25,0.7110423116615067,0.7683776115553262,0.05733529989381958
vlc,Q-3L,0.14677992676220694,2,0.6764886615589311,0.145503423103915,2.0638321052550257,0.02267947368412116,0.12060382713773203,0.12321063561116191,,,,0.8635546806445584,248.79408821441947,0.8888833264829406,1.8482013723382076,0.03125,0.6862745098039216,0.750580345628063,0.0643058358241414
vlc,Q-3L,0.21544346900318834,2,0.4397427570442308,0.22099532817565054,3.991379240101808,0.0438613103307891,0.11505275950232112,0.1163832997291386,,,,0.838780539384177,201.55627888554895,0.8981984140021347,1.7931543515746597,0.03125,0.6914344685242518,0.7621872581893216,0.07075278966506982
vlc,Q-3L,0.31622776601683794,2,0.21449817121268244,0.23757422951616713,8.903597154319659,0.0978417269705457,0.0955829836704334,0.09586880662925115,,,,0.7655906779415639,143.07460190474805,0.8857490712266631,3.046430183351447,0.25,0.718266253869969,0.8274438999226206,0.10917764605265157
vlc,Q-3L,0.46415888336127786,2,0.09679700651407822,0.2007560045229617,16.634564260921255,0.18279740946067313,0.06123222554121013,0.06214489065603393,,,,0.617499393296609,101.64878842560583,0.7884959208197827,4.493040337504792,16.0,0.5810113519091847,0.9365488779984524,0.3555375260892677
vlc,Q-3L,0.6812920690579611,2,0.04987790355480259,0.16501797717520889,24.764017790558164,0.2721320636325073,0.04891413821788395,0.05064283662190003,,,,0.5055978740852242,85.80705272029634,0.6936433252158897,6.736496781063155,0.25,0.6687306501547987,0.8875419138509156,0.21881126369611692
vlc,Q-3L,1.0,2,0.030105509491051684,0.13199647058290875,34.34419890459511,0.37740877917137483,0.04782168784708074,0.04877299018790117,,,,0.44103815041300043,75.48612447605814,0.6345019368480136,11.48921727242804,0.25,0.6042311661506707,0.9153985039979365,0.3111673378472658
vlc,Q-ZZ,0.1,2,0.9446674031331592,0.026061344863731642,1.1182546603118038,0.012288512750679163,0.11975591532793094,0.12360280252600565,,,,0.883486139003525,293.2925247191931,0.8889689605810029,2.3442735610386194,2.0,0.7223942208462333,0.7755996904823317,0.0532054696360984
vlc,Q-ZZ,0.14677992676220694,2,0.8843591887123458,0.053048999065965344,1.2702137881341156,0.013958393276199072,0.11969636861402252,0.12346862967253751,,,,0.883619860197789,283.89137271956884,0.8945861709307903,2.235823332854747,0.25,0.7058823529411765,0.7637348465308228,0.05785249358964628
vlc,Q-ZZ,0.21544346900318834,2,0.7666512706216306,0.10109493448759692,1.6600479979198672,0.018242285691427114,0.1194434329038097,0.12302704074238138,,,,0.8826066538113336,264.5890293647886,0.9056866477332156,2.020314029699601,0.03125,0.6852425180598555,0.7495486200670621,0.06430610200720666
vlc,Q-ZZ,0.31622776601683794,2,0.5635577974081266,0.16723203981443144,2.834824276323208,0.031151915124430857,0.11813193518440918,0.12120079704437627,,,,0.8737108606938662,227.4999869208073,0.9237213348431967,1.6419983944764083,0.03125,0.6976264189886481,0.7629610523600722,0.06533463337142409
vlc,Q-ZZ,0.46415888336127786,2,0.3020487660260956,0.20948405200179246,6.91461395394246,0.07598476872464242,0.11249655631684496,0.11437051253530492,,,,0.8254022379617714,168.25779564377117,0.93043962177,2.289216089087618,0.03125,0.7110423116615067,0.7846272891410885,0.07358497747958181
vlc,Q-ZZ,0.6812920690579611,2,0.11553949178586465,0.18796399022966132,16.910772677085973,0.18583266678116453,0.09478480608474243,0.09640927907028489,,,,0.6703599559932861,108.52583509637536,0.8414803690633472,4.470767620164382,0.03125,0.6852425180598555,0.8160949187516121,0.13085240069175663
vlc,Q-ZZ,1.0,2,0.05306921402354399,0.15945187553217494,25.693790305250502,0.2823493440137418,0.06377480908050422,0.0683198515090638,,,,0.490168537047094,85.25173941751424,0.6585888457015165,12.314426713738756,0.03125,0.6676986584107327,0.8475625483621356,0.1798638899514029
vlc,P-Q-2L,0.1,2,0.4100990945063795,0.20705735405422673,4.5511693395707065,0.050012849885392376,0.10554340946687929,0.10725668654175179,,,,0.8499973523986767,195.0256496041629,0.9236671801224279,1.8847868922815214,0.03125,0.7079463364293086,0.7755996904823317,0.06765335405302308
vlc,P-Q-2L,0.14677992676220694,2,0.4111220195315556,0.20862503573202218,4.520814785434995,0.049679283356428516,0.10494198657264767,0.10652912226357779,,,,0.8432722914501293,195.52394833732077,0.9163899942043163,2.1359258212212135,0.03125,0.7131062951496389,0.7771472788238328,0.06404098367419397
vlc,P-Q-2L,0.21544346900318834,2,0.40035355280672424,0.21520315877402862,4.644377699980128,0.051037117582199205,0.10375773842091153,0.10542302132777603,,,,0.8191279590997544,193.6868893366492,0.8948771953636395,2.757898423051221,0.25,0.6986584107327142,0.8225432035078669,0.12388479277515274
vlc,P-Q-2L,0.31622776601683794,2,0.38483925093202526,0.2313297983218302,4.753118526932289,0.05223207172453064,0.10057743200503899,0.10341339781318984,,,,0.7503922348461712,191.50800681842284,0.8303996094333806,4.4791074698273805,0.25,0.6893704850361198,0.8351818416301264,0.14581135659400668
vlc,P-Q-2L,0.46415888336127786,2,0.403010367827365,0.2527344494233598,4.259046384091102,0.04680270751748464,0.08955689103619223,0.09601097194190646,,,,0.6008516562407118,197.2030783505748,0.6743201170657991,7.030656955739296,0.25,0.6831785345717234,0.841372194996131,0.15819366042440763
vlc,P-Q-2L,0.6812920690579611,2,0.3858601940385393,0.22836227223424332,4.766052922599687,0.0523742079406559,0.0645215477943966,0.0743666538813511,,,,0.4748686936799575,193.82104128813688,0.5500797531527335,10.70104272387143,0.25,0.6119711042311662,0.8300232138251226,0.21805210959395638
vlc,P-Q-2L,1.0,2,0.38568012563894766,0.2621437596249145,4.423452563678772,0.04860936883163486,0.00016606209676321194,0.0002869921172715271,,,,0.18462430463172336,200.3623703325412,0.24456270667276128,25.56657942914705,0.25,0.6584107327141383,0.8356977044106267,0.17728697169648844
vlc,linear,,3,-0.08888888888888889,2.975194055630291,6.532039440081261,0.07178065318770617,0.16764141127373033,0.1626745499798632,,,,1.0,0.999974253506139,0.9153910125083012,3.034440064240199,0.03125,0.7194752774974773,0.7631441957313899,0.04366891823391261
vlc,clinical,,3,0.6200451862795013,0.15059678007760538,2.417500273567205,0.026565937072167086,0.10838240250723677,0.10152122507245506,,,,0.8601502057387495,238.4199920391355,0.8563762210863288,6.883580855705145,2.0,0.6357214934409687,0.8680374804789173,0.23231598703794853
vlc,rbf,0.125,3,0.8781637022625336,0.06572333336175797,1.2854161457266267,0.01412545215084205,0.1679335604301375,0.16316999292990403,,,,0.9961476499418063,282.95954998770236,0.9443057553570824,2.065615795104475,2.0,0.7053481331987891,0.8050494534096825,0.0997013202108934
vlc,rbf,0.25,3,0.7754910445196205,0.10878639359037685,1.6195088366427168,0.017796800402667217,0.16704020531647112,0.1625031438377844,,,,0.9874226919164012,266.23371748629864,0.9638961249387994,1.7964584063799245,0.25,0.7083753784056509,0.7948984903695991,0.08652311196394824
vlc,rbf,0.5,3,0.6132208395605324,0.1576533805796424,2.454120435343722,0.026968356432348593,0.16360631828021288,0.15947157345104468,,,,0.9646788868914963,237.43798341333152,0.9866971446223793,1.4193720754563897,0.00390625,0.7245206861755802,0.7550754815200417,0.030554795344461483
vlc,rbf,1.0,3,0.40089438647951375,0.19072657339782229,4.856347080807493,0.05336645143744497,0.15455357293924415,0.1509294929090127,,,,0.9153910125083012,193.3870507489102,1.0,0.999987024042474,0.03125,0.7134207870837538,0.7980218636127017,0.08460107652894788
vlc,rbf,2.0,3,0.19709293491086066,0.18387103014722458,12.070764501837436,0.13264576375645534,0.1348555907213238,0.13151330916190712,,,,0.814701554072826,138.41244417686306,0.969485304934806,2.654574190183997,0.00390625,0.7184661957618567,0.7727745965642895,0.05430840080243282
vlc,rbf,4.0,3,0.07265418071917833,0.14376849435917,27.28373156895248,0.2998212260324448,0.10162688051693397,0.09766988623702406,,,,0.6425279157030309,89.24550359372486,0.8429340128540563,6.31293849680647,0.03125,0.7114026236125126,0.8521603331598125,0.14075770954729994
vlc,rbf,8.0,3,0.02594800994627772,0.10604095599896078,43.90581241429227,0.4824814551021129,0.06883518303419511,0.06329694342786382,,,,0.4758011222641478,63.83773020893097,0.6688503941401588,11.86803242622337,0.03125,0.6559031281533805,0.8852160333159813,0.22931290516260083
vlc,Q-1L,0.1,3,0.9445107630765794,0.02575034891662795,1.1186407023947529,0.01229275497137091,0.10487450957292481,0.09764626419859959,,,,0.8879006773325312,293.268403814873,0.8893860213091785,2.3248211965159835,16.0,0.7033299697275479,0.7990629880270692,0.0957330182995213
vlc,Q-1L,0.14677992676220694,3,0.8846105250824223,0.05226372303204011,1.2696365511038905,0.013952050012130665,0.10452233685083534,0.097270210763081,,,,0.8871207797750508,283.93067991084496,0.8942150760295554,2.2185722617536565,16.0,0.6922300706357215,0.8118167621030713,0.11958669146734979
vlc,Q-1L,0.21544346900318834,3,0.7692884376111593,0.09923978702676732,1.6500814980266756,0.018132763714578854,0.10362696775042118,0.09632649155158131,,,,0.8842706044315448,265.03349770457817,0.9034729239014606,2.0100420754479016,2.0,0.693239152371342,0.8105153565851119,0.11727620421376983
vlc,Q-1L,0.31622776601683794,3,0.5736756242948986,0.16471634420072762,2.7524738690884765,0.030246965594378863,0.1010669266475989,0.09367920027367294,,,,0.8727061979340164,229.46622820409874,0.9177424279204998,1.644586592728876,2.0,0.6881937436932392,0.8256116605934409,0.13741791690020178
vlc,Q-1L,0.46415888336127786,3,0.31790643431011123,0.2143684488416344,6.394198865700469,0.07026592160110405,0.09290783742940853,0.0854437367828976,,,,0.8249022274184135,172.28267428650545,0.920868741212659,2.059542508919386,0.25,0.6841574167507568,0.8193649141072358,0.13520749735647897
vlc,Q-1L,0.6812920690579611,3,0.11470622354107331,0.20691398762123045,15.072757261066583,0.16563469517655585,0.06993421973301579,0.06301957035145007,,,,0.6708836989885932,107.46940718199959,0.8336256955809264,4.781471357276388,0.03125,0.6871846619576185,0.7990629880270692,0.1118783260694507
vlc,Q-1L,1.0,3,0.0455518488407846,0.17750448838996555,22.62300975133071,0.24860450276187593,0.04943951375123344,0.04410523330707896,,,,0.5064272770773942,85.8729484116348,0.6925669583992538,7.20546440186691,0.03125,0.6548940464177598,0.8159812597605414,0.16108721334278153
vlc,Q-2L,0.1,3,0.8867187158675152,0.05333830947930012,1.2635316767346816,0.013884963480600896,0.10465016754120295,0.09794108223222166,,,,0.8844216379431452,284.2641542792296,0.8857571121173914,2.220734806484511,16.0,0.6942482341069627,0.8128578865174388,0.11860965241047616
vlc,Q-2L,0.14677992676220694,3,0.7695138249539057,0.10491670183092601,1.6460365320396368,0.01808831353889711,0.10380356176697561,0.09728875111239303,,,,0.8794472524348595,265.06988440102117,0.8906588683805631,2.006953987832903,2.0,0.6952573158425832,0.8089536699635607,0.11369635412097745
vlc,Q-2L,0.21544346900318834,3,0.5692678860004219,0.17977255731920183,2.7513586162549393,0.030234710068735595,0.10192155227992944,0.09562236768975224,,,,0.8660310576127419,228.59264801510355,0.9009209318481127,1.642227247450755,2.0,0.6831483350151363,0.8256116605934409,0.14246332557830466
vlc,Q-2L,0.31622776601683794,3,0.3175849254850264,0.234491690457677,6.056093373211514,0.06655047662869795,0.09745055877819891,0.09126571865046787,,,,0.8227220829616422,172.18638214710293,0.9081344372095878,2.0824062861390966,0.25,0.6871846619576185,0.8196251952108277,0.13244053325320915
vlc,Q-2L,0.46415888336127786,3,0.13878012382127797,0.21577861493215267,13.143014760008382,0.14442873362646574,0.08528240944154239,0.07909587347027527,,,,0.6988281371181023,116.98581282754745,0.8545330486432177,4.234984615664403,0.25,0.6750756811301716,0.846954711087975,0.17187902995780346
vlc,Q-2L,0.6812920690579611,3,0.06921218968304134,0.17837705089892655,21.18849799306229,0.23284063728639878,0.0598105229122382,0.054912836169612775,,,,0.536027278930459,87.83936037301247,0.7177759474119907,6.709842133366196,0.03125,0.6770938446014128,0.8204060385216033,0.14331219392019057
vlc,Q-2L,1.0,3,0.03669998401481122,0.1490784509000637,29.153448554290947,0.3203675665306697,0.05740456350101104,0.05346056909922539,,,,0.48986659883670675,76.22476716928307,0.6791968223763303,8.972813813345407,6.103515625e-05,0.6427850655903128,0.7339927121290994,0.09120764653878666
vlc,Q-3L,0.1,3,0.8353773035792819,0.07682458567258593,1.414401807669899,0.015542877007361526,0.10782526675857025,0.1017763636254504,,,,0.8795959266512243,276.0207632802946,0.8856450562326915,2.125360275443805,2.0,0.7013118062563067,0.7982821447162936,0.09697033845998682
vlc,Q-3L,0.14677992676220694,3,0.6775263417216767,0.14275688734863254,2.0612516775875944,0.022651117336127412,0.10616491155556014,0.10054565366473125,,,,0.8685559393977207,248.9806803256209,0.891098451644447,1.833663331313668,2.0,0.6881937436932392,0.8191046330036439,0.13091088931040473
vlc,Q-3L,0.21544346900318834,3,0.4419291254189979,0.21657547929583518,3.9914790937137448,0.04386240762322796,0.10074679389963256,0.09539942321060121,,,,0.8403840124665033,202.03368214328503,0.8996149669070902,1.7933357399822647,0.25,0.6841574167507568,0.8110359187922956,0.12687850204153883
vlc,Q-3L,0.31622776601683794,3,0.2152713390351485,0.2332619452433133,9.038753760841193,0.09932696440484827,0.08850639701911694,0.08254951379624106,,,,0.7655395445795253,143.13760173787853,0.8881052835108861,3.046172272534137,0.25,0.6781029263370333,0.8357626236335242,0.15765969729649087
vlc,Q-3L,0.46415888336127786,3,0.09539583186452771,0.1957864380271089,17.271017971686856,0.18979140628227315,0.0643370769631037,0.058016241288816585,,,,0.6211897744056543,99.24914942254827,0.7951496604429726,5.373788232991973,0.25,0.6851664984863775,0.8625715773034878,0.17740507881711032
vlc,Q-3L,0.6812920690579611,3,0.04714487760229276,0.16211978984255795,25.522424989958946,0.2804662086808675,0.05293909490049254,0.04828852756503605,,,,0.509132962882423,81.45284573817317,0.6992679988503101,7.303808105062576,0.03125,0.6680121089808274,0.8289953149401353,0.16098320595930793
vlc,Q-3L,1.0,3,0.02869036024321209,0.12889342994463218,35.41822418284891,0.3892112547565814,0.04866132282686024,0.04364300912560017,,,,0.4508433565589976,72.42463896552592,0.6448274147199916,10.722579549680477,6.103515625e-05,0.627648839556004,0.7581988547631442,0.13055001520714016
vlc,Q-ZZ,0.1,3,0.9442686997487267,0.025820054518276177,1.1192023740336499,0.012298927187182965,0.10527406541331066,0.09804497189090507,,,,0.8884918274987914,293.2312814948942,0.8900364225031683,2.3243241496510647,16.0,0.7023208879919274,0.8006246746486205,0.09830378665669315
vlc,Q-ZZ,0.14677992676220694,3,0.8835588904832163,0.0525318978329182,1.2725629574089508,0.013984208323175283,0.10541402670940071,0.0981616806943689,,,,0.8884167375580939,283.7641855835046,0.8957238849458484,2.2163907267234033,2.0,0.7073662966700303,0.7943779281624154,0.08701163149238511
vlc,Q-ZZ,0.21544346900318834,3,0.7651641264058048,0.10000750532537331,1.6668807438742643,0.018317370811805102,0.10559246053889829,0.09829902730942822,,,,0.8869694896724775,264.33444361150714,0.9070151015731275,2.0014052576426664,0.25,0.7093844601412714,0.7834461218115565,0.07406166167028505
vlc,Q-ZZ,0.31622776601683794,3,0.5611626475618197,0.1651029023658015,2.862119108618597,0.0314518583364681,0.10525651855567614,0.0979257690256106,,,,0.8772351476895913,227.01589873451022,0.9255765275059147,1.6201339827970493,0.25,0.7033299697275479,0.8032274856845393,0.09989751595699137
vlc,Q-ZZ,0.46415888336127786,3,0.2988165603384752,0.20617710689320162,7.0750883191249,0.07774822328708682,0.10223557533987379,0.09518363488358327,,,,0.8281586986813307,167.2944167021835,0.9337487765836664,2.2812812312391917,0.03125,0.7043390514631686,0.7902134305049453,0.08587437904177675
vlc,Q-ZZ,0.6812920690579611,3,0.11264942903511709,0.18461638489927448,17.46782121923563,0.1919540793322597,0.09169373251450431,0.08735200527059306,,,,0.677459430672876,106.66598488602233,0.8501867646143236,4.963599603144325,0.03125,0.6821392532795156,0.8141592920353983,0.13202003875588264
vlc,Q-ZZ,1.0,3,0.04772093438039434,0.15486154024200263,27.05640110030862,0.2973230890143804,0.06718329769599589,0.06935963156724173,,,,0.4857681431397019,79.68402577904463,0.6581020933040739,10.892347305807697,0.03125,0.6599394550958627,0.8440916189484643,0.18415216385260158
vlc,P-Q-2L,0.1,3,0.40534959989253555,0.20234554522404966,4.673213574679251,0.05135399532614562,0.09330950113421033,0.08607494306734043,,,,0.8540954900909703,193.88244849429464,0.9273833532680966,1.9225077186650423,0.25,0.6962663975782039,0.821186881832379,0.12492048425417512
vlc,P-Q-2L,0.14677992676220694,3,0.41173068835704746,0.20197381660123045,4.56634697203627,0.05017963705534363,0.09194741735198203,0.08506645474241654,,,,0.8487989029522459,195.5866921868876,0.9200480633315942,2.2428966738597427,2.0,0.6841574167507568,0.8581467985424258,0.173989381791669
vlc,P-Q-2L,0.21544346900318834,3,0.40055659011472955,0.20701459803718542,4.715745164983053,0.05182137543937421,0.08985397284716774,0.08377467675409081,,,,0.8222153747011278,193.59558887456691,0.8956937028061577,3.072044492340116,2.0,0.6892028254288597,0.8654346694429984,0.17623184401413872
vlc,P-Q-2L,0.31622776601683794,3,0.38847790587666164,0.22215210796335016,4.783432003545258,0.05256518685214569,0.08831700729405711,0.08402945691817677,,,,0.7462823157194297,192.19472229837191,0.8221747613994228,4.694523834437503,0.25,0.7164480322906155,0.8347214992191567,0.11827346692854124
vlc,P-Q-2L,0.46415888336127786,3,0.40364087895281103,0.2455605520200763,4.314772630353907,0.047415083850042936,0.09097246379990459,0.0899596711046018,,,,0.5948971354270022,197.27317724702073,0.6615086248760613,6.309049016666661,0.25,0.7174571140262361,0.8326392503904216,0.1151821363641855
vlc,P-Q-2L,0.6812920690579611,3,0.3935008977681454,0.2329631918505114,4.591244879719994,0.05045324043648346,0.07352181417634686,0.07637186940982181,,,,0.4791349953872308,195.2817644152846,0.5409984472808934,10.689296512801862,6.103515625e-05,0.6347124117053481,0.6728266527850079,0.03811424107965977
vlc,P-Q-2L,1.0,3,0.3878929091913505,0.24701137431053488,4.542550779186728,0.049918140430623384,0.005835315084204623,0.0028042606940746435,,,,0.21054840330331193,198.9892371799566,0.27458009924359167,23.12999153208523,0.25,0.6821392532795156,0.840447683498178,0.15830843021866237
vlc,linear,,4,-0.08888888888888881,2.952645762525218,6.757634437160862,0.0742597190896798,0.17151742865910305,0.17436069047652789,,,,1.0,0.9999727035342748,0.9375257399663677,2.540409733417639,0.25,0.7384140061791967,0.7523148148148148,0.013900808635618045
vlc,clinical,,4,0.6005877722974987,0.15378336803045758,2.556757941098549,0.028096241110973065,0.10731697858335952,0.10933372047790842,,,,0.8765267612154761,234.76699817945715,0.8633606629762703,7.140967409062123,0.03125,0.7198764160659115,0.7615740740740741,0.04169765800816261
vlc,rbf,0.125,4,0.8818127876331452,0.05331395128592019,1.2773856160588293,0.014037204572075046,0.1711252029831671,0.17368278028716125,,,,0.9985734148812344,283.5210464434332,0.9542195402997737,2.0548904578772254,16.0,0.7054582904222451,0.8320473251028807,0.12658903468063565
vlc,rbf,0.25,4,0.7804361698350558,0.09306216067914017,1.6078674179875976,0.017668872725138434,0.17039786865675047,0.17266658642712365,,,,0.9946006725733243,267.0355080414181,0.9678080467275639,1.800638217280536,2.0,0.7013388259526262,0.8281893004115226,0.1268504744588964
vlc,rbf,0.5,4,0.6177411809370824,0.14426647187155717,2.4450844552033963,0.02686905994729007,0.16816699671710358,0.1698536566999242,,,,0.9806618967326592,238.2957466195895,0.9868813671388429,1.4274988032458915,2.0,0.690010298661174,0.8608539094650206,0.17084361080384658
vlc,rbf,1.0,4,0.4024169815318079,0.18413573330719274,4.885621276745416,0.05368814589830128,0.1617140299360208,0.16227500751454688,,,,0.9375257399663677,193.9204016236683,1.0,0.9999870411957281,0.25,0.6879505664263645,0.8479938271604939,0.16004326073412933
vlc,rbf,2.0,4,0.19584539530574901,0.1807875433051891,12.30800872291914,0.13525284310900154,0.1453462072603239,0.1441846200771475,,,,0.8301309646625216,138.50495499584235,0.9675677151456262,2.6122339340307352,0.00390625,0.7044284243048403,0.7749485596707819,0.0705201353659416
vlc,rbf,4.0,4,0.07103955467679073,0.1409026211253234,28.077623595342523,0.30854531423453324,0.11262719150323983,0.11049124112521473,,,,0.6456415751846262,89.95520565252008,0.8368725054414806,6.392097509737833,0.00390625,0.666323377960865,0.7939814814814815,0.12765810352061646
vlc,rbf,8.0,4,0.024900166968663172,0.10263100783768574,45.41410404435646,0.4990560883995216,0.07502726048992012,0.07416908237871611,,,,0.47280595270637654,68.11496485964098,0.6617060924994951,12.105754572953622,6.103515625e-05,0.6210092687950567,0.7893518518518519,0.16834258305679517
vlc,Q-1L,0.1,4,0.9430629020489621,0.025942191944912554,1.1220209204346117,0.012329900224556172,0.11244393204641769,0.11272840134246459,,,,0.9034068564313092,293.0465730174675,0.8921691212709427,2.266467014433485,16.0,0.7209062821833162,0.7867798353909465,0.06587355320763033
vlc,Q-1L,0.14677992676220694,4,0.8817030667680852,0.05255205654657816,1.2778281932076232,0.01404206805722663,0.11220689981971861,0.11233159590888173,,,,0.9025389951217633,283.47135371562723,0.8970523360479613,2.153124854477917,16.0,0.7023686920700309,0.8135288065843621,0.11116011451433117
vlc,Q-1L,0.21544346900318834,4,0.7638974627136248,0.09939206549129712,1.672559514731932,0.01837977488716409,0.11157877652685921,0.11136229629413118,,,,0.8993750425208371,264.1243812960473,0.906323564622018,1.9321285515676243,16.0,0.6930998970133883,0.8436213991769548,0.15052150216356652
vlc,Q-1L,0.31622776601683794,4,0.5652092628859036,0.16368958105127968,2.8293362047307995,0.031091606645393403,0.10968873881771929,0.10876990474875896,,,,0.8866310804698392,227.8302306361378,0.9201819086095097,1.5506260611399818,2.0,0.6848609680741503,0.8377057613168725,0.15284479324272215
vlc,Q-1L,0.46415888336127786,4,0.30832537806245924,0.21013348461633954,6.725866208475953,0.07391061767555993,0.10340315557398808,0.10129129558851598,,,,0.8349735707172351,169.87832429454218,0.9211446091629255,2.1069623307984124,0.25,0.6766220391349125,0.8317901234567902,0.15516808432187768
vlc,Q-1L,0.6812920690579611,4,0.10836681507784139,0.19838793726101187,16.252604411736854,0.17860004848062477,0.08511312749091364,0.08259639848120606,,,,0.6751431193715736,105.81223290449118,0.8312683864423133,4.638454615691511,0.03125,0.6570545829042225,0.815843621399177,0.15878903849495452
vlc,Q-1L,1.0,4,0.04139663105574292,0.16408344333368866,25.437929544760237,0.27953768730505757,0.06777339623599266,0.06728290100895506,,,,0.5067133292887533,85.42712672370064,0.6900801792755774,7.119122593700099,0.25,0.588053553038105,0.897633744855967,0.309580191817862
vlc,Q-2L,0.1,4,0.8838176855014025,0.0536160354522981,1.2716467421894142,0.013974140024059497,0.1161053141592341,0.1163126311435554,,,,0.9000175054169014,283.80621171161147,0.8908107119009826,2.1553627783276994,16.0,0.698249227600412,0.8104423868312757,0.1121931592308637
vlc,Q-2L,0.14677992676220694,4,0.7640748034989773,0.10489132592820531,1.6687105435689449,0.018337478500757638,0.11706381393166139,0.11681295066122453,,,,0.8952033695375984,264.15210238675144,0.8968605904208169,1.9300815700573772,16.0,0.6889804325437693,0.8441358024691358,0.1551553699253665
vlc,Q-2L,0.21544346900318834,4,0.560853035033507,0.17762797476418513,2.8305081584668788,0.03110448525787779,0.11755862372500137,0.11626214933458243,,,,0.8818122155883823,226.95775994256613,0.908435790147209,1.5721807042466445,2.0,0.6930998970133883,0.8410493827160493,0.1479494857026611
vlc,Q-2L,0.31622776601683794,4,0.3081714600360708,0.22701733090584886,6.414962090372513,0.07049408890519245,0.11522001853502058,0.11221089579738056,,,,0.8364626741706694,169.80154213807006,0.9148645485471784,2.12637391406027,0.25,0.6848609680741503,0.8279320987654321,0.14307113069128174
vlc,Q-2L,0.46415888336127786,4,0.1295352802087001,0.20432107739736607,14.519614021438269,0.15955619803778318,0.10263052306419806,0.09951398046838636,,,,0.7068900893167213,113.91495680713095,0.8560836565557776,4.096165386092937,0.03125,0.6694129763130793,0.8155864197530864,0.14617344344000716
vlc,Q-2L,0.6812920690579611,4,0.061518684177459704,0.16497722803131584,24.009394261983967,0.2638394973844392,0.07786236754147252,0.07756130091154119,,,,0.5355109569260751,88.59737276134531,0.7139679660909831,6.592058166381334,0.03125,0.6230690010298661,0.8405349794238683,0.21746597839400228
vlc,Q-2L,1.0,4,0.03254733515600532,0.13662851550601637,32.78805211588764,0.36030826500975427,0.06854610052508439,0.06790225996543896,,,,0.482663833913866,77.7929389043243,0.6676352752718554,9.234380088677057,0.00048828125,0.619979402677652,0.7592592592592593,0.13927985658160735
vlc,Q-3L,0.1,4,0.8308553834838058,0.07712012877020129,1.4293761779666319,0.015707430527105843,0.12251366725676796,0.12247354556850462,,,,0.89573526336304,275.2868187855315,0.8909321122113952,2.0529516521437503,16.0,0.6972193614830072,0.8328189300411523,0.13559956855814503
vlc,Q-3L,0.14677992676220694,4,0.6691261735479157,0.14233221965808068,2.1104411615773966,0.023191661116235128,0.12382637347399154,0.12300344379171028,,,,0.8853418300854844,247.4759710246197,0.8977054002800818,1.7485299830875145,2.0,0.698249227600412,0.8227880658436214,0.12453883824320944
vlc,Q-3L,0.21544346900318834,4,0.4295093753690514,0.21263747520653933,4.198894732311996,0.04614170035507688,0.12166872928904744,0.11931433869517147,,,,0.8574187760028279,199.31147356302216,0.9075642639083076,1.7289311970219656,0.25,0.6961894953656025,0.815843621399177,0.1196541260335745
vlc,Q-3L,0.31622776601683794,4,0.20231452340376424,0.22349280054283285,9.913698698460463,0.10894174393912597,0.11067260931283325,0.10676654836975276,,,,0.7771631033341153,139.186199718669,0.8932881134223623,3.005271104369051,0.03125,0.6848609680741503,0.8022119341563786,0.11735096608222828
vlc,Q-3L,0.46415888336127786,4,0.08531232459423004,0.18345036899848025,19.428251100099498,0.21349726483625822,0.08458238907110398,0.08195574188617094,,,,0.6208321878038825,96.440240984987,0.7919338942771654,5.2059654961575275,0.03125,0.6436663233779608,0.8284465020576132,0.18478017867965235
vlc,Q-3L,0.6812920690579611,4,0.0420354054213454,0.14858131694520638,28.92649815877408,0.3178736061403745,0.06949551457914312,0.06945265535125549,,,,0.5039781733269612,82.49163221126496,0.6895602082939709,7.843730886927793,0.03125,0.611740473738414,0.8526234567901234,0.2408829830517094
vlc,Q-3L,1.0,4,0.02514231529477131,0.11568643397643391,40.24066869901742,0.44220515053865295,0.05880390447225178,0.058602079948618435,,,,0.4365129258874864,72.78772488594238,0.6248260118499932,11.390892557635112,6.103515625e-05,0.5942327497425335,0.7821502057613169,0.1879174560187834
vlc,Q-ZZ,0.1,4,0.9427719937264518,0.026026360301669493,1.1226989499990068,0.012337351098890184,0.11309137654533806,0.11342152858349346,,,,0.9042139347225088,293.0019305796408,0.8929908405115279,2.2660825857711373,16.0,0.7198764160659115,0.793724279835391,0.0738478637694795
vlc,Q-ZZ,0.14677992676220694,4,0.8804366869580629,0.05287590519968398,1.281386652568291,0.014081172006244957,0.11367745709232885,0.11389846695603377,,,,0.9043205568854202,283.2705721257703,0.8989623038350945,2.1514751053203782,16.0,0.7054582904222451,0.8225308641975309,0.1170725737752858
vlc,Q-ZZ,0.21544346900318834,4,0.7589179248986292,0.10031375560242271,1.693283660266016,0.018607512750176,0.11490891027158544,0.11488810153593047,,,,0.9031366463085116,263.27766623140775,0.9108351692227047,1.9259816786052426,16.0,0.6766220391349125,0.8567386831275721,0.1801166439926596
vlc,Q-ZZ,0.31622776601683794,4,0.549995098173212,0.1641128789249977,2.9691513604158017,0.032628036927646174,0.11698782955255951,0.1164474925708436,,,,0.8930870653515982,224.82987456176338,0.9302210529899894,1.539647957636061,2.0,0.670442842430484,0.8564814814814815,0.1860386390509975
vlc,Q-ZZ,0.46415888336127786,4,0.2840537908530049,0.20040021184149553,7.662375790157032,0.08420193175996739,0.11838539779080273,0.11709082932465201,,,,0.8388423412745162,163.46036296294196,0.9365400223051292,2.32522853495312,0.03125,0.7044284243048403,0.7998971193415638,0.0954686950367235
vlc,Q-ZZ,0.6812920690579611,4,0.1027707794904268,0.17401624966501328,19.46143600877897,0.2138619341624063,0.10957778484382057,0.10919010713662455,,,,0.6750229558661283,103.40457991684983,0.8410631509577512,5.3724323417373965,0.03125,0.6477857878475798,0.8343621399176955,0.1865763520701157
vlc,Q-ZZ,1.0,4,0.04636393384850654,0.14295393068871817,30.006367355963125,0.3297403006149794,0.07209949265223735,0.0771253142162019,,,,0.4890728248458515,80.47489770629176,0.6517944322977547,12.058910142462178,0.03125,0.6086508753861998,0.8647119341563786,0.2560610587701788
vlc,P-Q-2L,0.1,4,0.4049174383221874,0.1963037254357811,4.73356884031108,0.052017240003418466,0.11088470629341438,0.10963578792412754,,,,0.8726511469784073,193.8153945327984,0.936788727646784,1.8125007870126773,0.25,0.6961894953656025,0.8294753086419753,0.1332858132763728
vlc,P-Q-2L,0.14677992676220694,4,0.40315733147481264,0.1964347603086738,4.764143383731664,0.05235322399705125,0.11367879356140273,0.1125632971603074,,,,0.8651668500839266,193.66268043274312,0.9308402455815202,2.1335187496724863,0.25,0.7033985581874357,0.8323045267489712,0.12890596856153547
vlc,P-Q-2L,0.21544346900318834,4,0.38722119506299846,0.20172921925117268,5.011801453414452,0.05507474124631266,0.11704088661723562,0.11620354590524752,,,,0.8314282186110306,190.61715123622284,0.9026466214942949,3.05918448085974,0.25,0.7033985581874357,0.841820987654321,0.13842242946688532
vlc,P-Q-2L,0.31622776601683794,4,0.38073090256005865,0.21813198400800174,4.964977150742346,0.05456018846969611,0.11823178928358381,0.1184768948224122,,,,0.7394111496607078,190.68275686143184,0.8141241126472811,4.956750437107244,0.03125,0.7075180226570545,0.7991255144032922,0.09160749174623761
vlc,P-Q-2L,0.46415888336127786,4,0.3918347497928394,0.24189584606608175,4.530896283671493,0.04979006905133509,0.11597157541624308,0.11961553263949279,,,,0.5883640834919583,195.2222862074053,0.6581387628562786,7.134586250304856,0.03125,0.709577754891864,0.7872942386831275,0.0777164837912635
vlc,P-Q-2L,0.6812920690579611,4,0.38640620330335884,0.22326262466100816,4.808699416982608,0.052842850736072616,0.10933036873830017,0.12044495926636567,,,,0.5236573275743934,193.76484170416958,0.5913035632531691,10.979314993334086,6.103515625e-05,0.6622039134912462,0.7175925925925926,0.05538867910134637
vlc,P-Q-2L,1.0,4,0.3848635697487935,0.258108743599718,4.476890547251526,0.04919659942034644,0.033930182874465004,0.04095550995241316,,,,0.22412473053631723,199.58793618006374,0.2923185143203786,21.348755784438563,0.25,0.619979402677652,0.8577674897119342,0.23778808703428223
gbsg2,linear,,0,-0.017543859649122768,3.262890337432455,5.828757616952776,0.012754393034907607,0.07205281282287893,0.0428088547389912,0.004975124378109453,0.0010122057446040264,0.004068590194407127,1.0,0.999996181676024,0.8015510510155469,6.264707468701187,6.103515625e-05,0.6470986525831133,0.709399393805984,0.06230074122287077
gbsg2,clinical,,0,0.7618175826607139,0.11420329508282115,1.68265718515033,0.0036819632060182276,0.04325076162401963,0.029453755660046488,0.004975124378109453,0.0011112080190770616,0.004086970044722379,0.7829653691458249,590.5113403150209,0.8356784837453672,12.332225937237467,0.00390625,0.6638905816236712,0.7366442589362819,0.07275367731261073
gbsg2,rbf,0.125,0,0.8614416070362151,0.10070339181211807,1.3284358376776528,0.0029068617892289996,0.07475872618433853,0.04528798628845471,0.004975124378109453,0.0011099846169775776,0.004031080814586692,0.9731106231625845,628.0611115016604,0.8906373310910997,3.0774118219433104,0.00390625,0.6473694901482836,0.7167820918773389,0.06941260172905528
gbsg2,rbf,0.25,0,0.7522228154556015,0.1511376317691032,1.6961175204987606,0.0037114168938703735,0.07480538799751989,0.046711760652283815,0.004975124378109453,0.0011978338459032335,0.004018847400193216,0.940049776281839,587.7967745723039,0.933533212471393,2.440098585672906,0.00390625,0.6510257972780825,0.7248251689046176,0.07379937162653505
gbsg2,rbf,0.5,0,0.5886817478287251,0.19983560553606394,2.578496106431346,0.005642223427639707,0.07291038386850003,0.04757618527559823,0.004975124378109453,0.0013646370222824473,0.0040270611387094885,0.8866087501629517,521.9701387485426,0.9771824674099946,1.6823882108517028,0.00048828125,0.642562123366511,0.7181197825829284,0.07555765921641744
gbsg2,rbf,1.0,0,0.386480469466648,0.22209582183971802,4.988847112689553,0.010916514469780203,0.06703476388409295,0.045465578705538585,0.004975124378109453,0.001646989610940253,0.004084562695232632,0.8015510510155469,426.8235772701918,1.0,0.9999973863488123,0.00048828125,0.643171507888144,0.7243002522986267,0.08112874441048268
gbsg2,rbf,2.0,0,0.19869370735782046,0.19939867841071698,12.307114205431773,0.026930228020638453,0.055201063186807904,0.03744739277860574,0.004975124378109453,0.002098861236629857,0.004211752118694103,0.6724052171937392,312.79625736436736,0.9605321595061079,3.9360826452973994,0.00048828125,0.6375516284108605,0.7312765633201822,0.09372493490932166
gbsg2,rbf,4.0,0,0.07923902229553573,0.14796017472596126,33.0059404109328,0.07222306435652692,0.03906843211922023,0.02417130859195052,0.004975124378109453,0.0028642320650108443,0.004337548423710492,0.5024376649305802,208.98827201078004,0.8174182796654383,11.766746012151568,0.00048828125,0.629426501455752,0.7502412923108184,0.12081479085506641
gbsg2,rbf,8.0,0,0.0281710359592894,0.09954487834198873,77.71484649996587,0.17005436870889687,0.02520308626344489,0.012960463215308688,0.004975124378109453,0.004180285766337909,0.004361651776160813,0.339366507431522,144.10629598270916,0.6073733268530426,24.795519153630067,0.00048828125,0.6142595978062158,0.7875273041299083,0.1732677063236926
gbsg2,Q-1L,0.1,0,0.9681211128722175,0.01971792098595642,1.0663439485650226,0.0023333565614114277,0.03266223211588159,0.020767859508969394,0.004975124378109453,0.0008589218280897832,0.004084553022939552,0.7511674920263116,665.1835040767328,0.7933815744301007,3.999154742929567,0.25,0.6448642426704584,0.7142760384035762,0.06941179573311784
gbsg2,Q-1L,0.14677992676220694,0,0.93281052856807,0.04100535496372545,1.1466608994928438,0.002509104812894625,0.03254997437148026,0.020689635277473407,0.004975124378109453,0.0008705936898798294,0.004084815409161984,0.7494585474512123,652.9835013659756,0.7963991012088131,3.862443411754096,0.25,0.6485882591915498,0.7228778976243291,0.07428963843277925
gbsg2,Q-1L,0.21544346900318834,0,0.861844527673543,0.0819673881279183,1.3332572588045875,0.0029174119448678064,0.032288599432581284,0.020509132661008195,0.004975124378109453,0.0008956243260225663,0.004085982475547006,0.7454176795784554,627.7807703335108,0.8023481921257514,3.588612423741984,0.03125,0.6434423454533144,0.7186277663951776,0.0751854209418632
gbsg2,Q-1L,0.31622776601683794,0,0.7300336032458911,0.1511535233762805,1.7960787876352973,0.00393015051998971,0.0316434644771179,0.0200686834606007,0.004975124378109453,0.0009487588088711759,0.004091091295161768,0.7351428631626497,578.1829568015005,0.8126328314977402,3.0839583356210225,0.03125,0.6483851310176721,0.7293292920398937,0.08094416102222157
gbsg2,Q-1L,0.46415888336127786,0,0.5224086818647155,0.23927296634783315,3.0154259135798824,0.00659830615662994,0.029964998344010653,0.018929527224862977,0.004975124378109453,0.0010571845031044171,0.004111628358847873,0.7068370424618177,490.3613073601292,0.8236110582015631,2.604051402102268,0.00390625,0.637957884758616,0.7202363818006333,0.08227849704201728
gbsg2,Q-1L,0.6812920690579611,0,0.2878138752763742,0.29798813839043137,5.765470739156461,0.012615909713690287,0.026003846592838702,0.016196460766837232,0.004975124378109453,0.001249464183149312,0.0041742390183354,0.631898164865668,368.24810817827506,0.8083956812858715,3.7439285651112066,0.00390625,0.6366714063240572,0.7348155172121849,0.09814411088812769
gbsg2,Q-1L,1.0,0,0.14908271396259007,0.27770931913189945,9.869825549090518,0.021596992448775748,0.022489729994406543,0.013562472041667812,0.004975124378109453,0.0015613889190719682,0.004290577788350259,0.5321661334335178,278.7186293190677,0.7644645459964754,7.578738837461117,0.00390625,0.628613988760241,0.7520700340349155,0.12345604527467446
gbsg2,Q-2L,0.1,0,0.933325858365089,0.040596509087431204,1.145444287492647,0.0025064426422158575,0.03306882813762694,0.019824674726336013,0.004975124378109453,0.0009059872797524344,0.004126239655253607,0.7348955990255552,653.1631299134634,0.7815424471487596,3.863313377816956,0.25,0.6488590967567202,0.7223868466058215,0.07352774984910138
gbsg2,Q-2L,0.14677992676220694,0,0.8598435253378177,0.08338801038563523,1.3389755538629906,0.002929924625520767,0.032928297928328874,0.019251372717942597,0.004975124378109453,0.0009392080509384117,0.004145335731267473,0.7232419366447974,627.0563355907285,0.7791479763052163,3.577454014993462,0.03125,0.6427652515403887,0.7177811267080956,0.07501587516770691
gbsg2,Q-2L,0.21544346900318834,0,0.7213911612351591,0.1578931000862969,1.8303944489138644,0.00400523949434106,0.03247169635218627,0.018392040346300324,0.004975124378109453,0.000996853090682099,0.004172042857221185,0.7045401454144062,574.7885883828635,0.7794537915544222,3.0425577683580136,0.03125,0.6478434558873316,0.7288551738151278,0.08101171792779616
gbsg2,Q-2L,0.31622776601683794,0,0.5103491365601732,0.2501384035234108,3.0815994578925827,0.006743106034775892,0.03142363075184744,0.017270382365812596,0.004975124378109453,0.0011050853268677286,0.004209326554303499,0.6761237852547172,484.79437240946095,0.7874014917718791,2.933486697297354,0.00390625,0.6392443631931749,0.7204565081192746,0.08121214492609974
gbsg2,Q-2L,0.46415888336127786,0,0.2985253478573453,0.2938408511975246,5.6413009927561335,0.01234420348524318,0.029402017066190424,0.01619234003025154,0.004975124378109453,0.00130751217554904,0.004277560762533287,0.6300641925080199,374.53350349978535,0.7991426459960818,3.673693795664074,0.00390625,0.636062021802424,0.734104339875036,0.09804231807261199
gbsg2,Q-2L,0.6812920690579611,0,0.16789426067949415,0.26912721715979,9.747923091350957,0.021330247464662926,0.025299246154851827,0.014404650671318726,0.004975124378109453,0.0015883592778407661,0.0044199356461894984,0.5456268596431434,290.29127641789034,0.7740200510522309,8.197003654984984,0.00390625,0.6339630306723543,0.7513757894915082,0.11741275881915392
gbsg2,Q-2L,1.0,0,0.10625338513457536,0.2264361227752161,15.476430188606196,0.03386527393568096,0.022996592883761786,0.013608241046786998,0.004975124378109453,0.0019459550787494727,0.0044668007921107025,0.4641094879710214,241.51089286857896,0.7264518846301801,12.14697555231219,0.00390625,0.6225201435439095,0.7705606448007857,0.14804050125687618
gbsg2,Q-3L,0.1,0,0.9026798970730631,0.0581482872470948,1.2215829197457744,0.0026730479644327667,0.03241363309429611,0.019978320878440047,0.004975124378109453,0.0009337459182545415,0.004114112866550619,0.7395073432126794,642.4012722443293,0.7872446307363249,3.7372328317790187,0.03125,0.6401245852799783,0.7126674229981205,0.07254283771814218
gbsg2,Q-3L,0.14677992676220694,0,0.8002213473496043,0.11485731684206255,1.5283403697620381,0.0033442896493698867,0.031894768512579295,0.019235377924563268,0.004975124378109453,0.00098718744422406,0.004129363314189925,0.7256935482754694,605.0952419259913,0.7870872409312573,3.330308609499913,0.03125,0.6437808924097772,0.7245542442047513,0.08077335179497414
gbsg2,Q-3L,0.21544346900318834,0,0.6211536296451399,0.20204140602023504,2.3369555703421248,0.0051136883377289385,0.03074429936956614,0.01784431050133646,0.004975124378109453,0.001077167025568727,0.004154769860618351,0.6983393910202886,533.9187074670169,0.7883694251668911,2.7429558220025174,0.03125,0.6487913873654276,0.7351711058807593,0.08637971851533166
gbsg2,Q-3L,0.31622776601683794,0,0.3882548387786982,0.28279065733538566,4.303005265064999,0.009415766444343542,0.02842691732017028,0.015797519993343376,0.004975124378109453,0.0012302943299443815,0.004207366512272021,0.6511145343709038,424.40934598903704,0.7918171507475539,3.266686082897339,0.00390625,0.6363328593675943,0.7279238701593376,0.09159101079174325
gbsg2,Q-3L,0.46415888336127786,0,0.21057985665028459,0.28914241653113537,7.70087195926017,0.016850923324420505,0.024913790963863272,0.014100035891728084,0.004975124378109453,0.0014752057021083923,0.0043483767074161146,0.5806358209002924,318.3066706039997,0.7862491200205425,5.494215909863651,0.00390625,0.6317286207596994,0.7431633845268131,0.1114347637671137
gbsg2,Q-3L,0.6812920690579611,0,0.12355972675820259,0.24600908230999247,12.851848008796662,0.028122205708526613,0.022594276145326133,0.012446871403422955,0.004975124378109453,0.001823198467694778,0.004527967943614343,0.49190381922600435,255.86876759361962,0.7437485406066264,9.83919301673544,0.00390625,0.6281400230211931,0.7609258851617928,0.13278586214059973
gbsg2,Q-3L,1.0,0,0.0781928571450478,0.19589273351781183,21.468938406887865,0.04697798338487498,0.02221346217207993,0.01189375092019399,0.004975124378109453,0.0023117131847402187,0.004475240622063424,0.4172244011709328,220.12329292110877,0.6912122899608505,13.58840332296421,0.00390625,0.6180513237185997,0.7859864198994192,0.16793509618081948
gbsg2,Q-ZZ,0.1,0,0.9678007796886243,0.019861951369146594,1.0670415482576192,0.002334883037762843,0.032570540878649565,0.020868622668175144,0.004975124378109453,0.0008630720877566103,0.004084960665070088,0.7512404627322463,665.073792688002,0.794138799095346,3.9980821948172793,0.25,0.648249712235087,0.719542137257226,0.07129242502213906
gbsg2,Q-ZZ,0.14677992676220694,0,0.9313868443876879,0.041614870793542445,1.1500870013933384,0.0025166017535959264,0.03235821935786223,0.020908328289057424,0.004975124378109453,0.000880153749461684,0.004086201088886582,0.7495500656498745,652.4871415234192,0.7981058437430208,3.8575846976679222,0.25,0.6552914889295145,0.7293970232148602,0.07410553428534572
gbsg2,Q-ZZ,0.21544346900318834,0,0.8559727306593452,0.08421347672472164,1.3507113481671966,0.0029556047005846755,0.031900780242598056,0.02096945402016494,0.004975124378109453,0.0009183530586000395,0.004091068237371477,0.7452613245587113,625.6530333848937,0.8061888151565533,3.5680356714860952,0.03125,0.6485882591915498,0.725553279035508,0.0769650198439582
gbsg2,Q-ZZ,0.31622776601683794,0,0.710196601937114,0.15663892820957956,1.8869854669685413,0.004129071043694838,0.03095069520640504,0.020995127103841753,0.004975124378109453,0.0010039103021899556,0.004110097781947476,0.7334039537161143,570.3706528701156,0.8209486385645027,3.0125255521012635,0.03125,0.6530570790168596,0.7383544711041875,0.0852973920873279
gbsg2,Q-ZZ,0.46415888336127786,0,0.48480298714424,0.2369956755907522,3.4158620481919972,0.007474534022301963,0.029411049583494046,0.020918073745707658,0.004975124378109453,0.0011883738756942228,0.004175320987658351,0.6998338301955448,472.9230852323365,0.838776159028188,2.5610430502975765,0.03125,0.650145575191279,0.7581658397819057,0.10802026459062664
gbsg2,Q-ZZ,0.6812920690579611,0,0.2759882013377411,0.25734830238190015,6.931244869430124,0.015166837788687361,0.027412510856030033,0.01836355064657035,0.004975124378109453,0.001561948469026389,0.0043362345500668024,0.5996923368519517,363.1607240583143,0.8040938282233099,5.6458491822987575,0.00390625,0.628952535716704,0.7476844404558308,0.11873190473912687
gbsg2,Q-ZZ,1.0,0,0.18211386294346868,0.2405918582006289,10.748198060717302,0.02351903295561773,0.026890283767710715,0.007300689320227577,0.004975124378109453,0.0018330301348640403,0.004275452433104212,0.4888912115332556,307.24369287450685,0.710341229643222,12.568092409994536,0.00390625,0.623874331369761,0.7606718932556683,0.1367975618859073
gbsg2,P-Q-2L,0.1,0,0.43130840569929224,0.2676202560721807,3.856954120019644,0.008439724551465305,0.028492377367569065,0.01702406280144271,0.004975124378109453,0.001190832426089859,0.004234366252433125,0.6702031946319107,446.6036788908697,0.811381059319134,3.0122684578827497,0.00390625,0.638905816236712,0.7270264320910307,0.08812061585431863
gbsg2,P-Q-2L,0.14677992676220694,0,0.42441848910561814,0.2710113303560741,3.918318678929137,0.008574001485621744,0.0278241763640723,0.01637062323702565,0.004975124378109453,0.0012293703725618904,0.004291167791386426,0.65815095284116,443.452168986394,0.8025127297382135,3.1100586996177335,0.00390625,0.6385672692802492,0.7276698782532129,0.08910260897296374
gbsg2,P-Q-2L,0.21544346900318834,0,0.4138462088704242,0.2742610239399311,4.030038016394174,0.008818463930840644,0.026982930880719763,0.015758709882388998,0.004975124378109453,0.0012930878398741258,0.004373756914242485,0.6388567329824497,438.89851773795647,0.7880230669320903,3.312539640012664,0.03125,0.6456767553659692,0.7580473102257141,0.1123705548597449
gbsg2,P-Q-2L,0.31622776601683794,0,0.4108051733532116,0.27301671465696387,4.082385515366256,0.008933009880451325,0.02616855996649877,0.015699481636008247,0.004975124378109453,0.001375860694346882,0.0044822465661344246,0.6106502683135382,438.94596297398726,0.7631518399648048,3.836592479065661,0.03125,0.6453382084095064,0.7596559256311699,0.1143177172216635
gbsg2,P-Q-2L,0.46415888336127786,0,0.41939760093039113,0.25679456163036835,4.106830272620147,0.008986499502451088,0.025760912406624176,0.01751223001229437,0.009950248756218905,0.0014934988055708988,0.004650791508672792,0.5876334323743114,444.5534976964714,0.7429998841369291,4.790262730613061,0.00390625,0.6459475929311396,0.7335286248878202,0.08758103195668065
gbsg2,P-Q-2L,0.6812920690579611,0,0.39829605018821945,0.22936503439387318,4.695408899453923,0.010274417723093924,0.022527456029748406,0.020638181021143672,0.009950248756218905,0.0017260182684429787,0.004937173724376795,0.6006903295212468,435.14097399212756,0.7565397162025425,8.136633461618999,0.00390625,0.6456090459746767,0.7376602265607802,0.09205118058610351
gbsg2,P-Q-2L,1.0,0,0.3977417115797974,0.2645818705973787,4.349889992726492,0.009518358846228649,0.010090760563815249,0.011097565968237666,0.05472636815920398,0.001291743019419564,0.004630959257553797,0.42684175918825823,445.80712893674684,0.5766732792101628,20.94490436593237,0.00390625,0.6173065204143815,0.7316998831637231,0.11439336274934164
gbsg2,linear,,1,-0.017543859649122823,3.1841672960620815,6.127389216335712,0.013407853865067203,0.06689327325362351,0.04712702919715996,,,,1.0,0.999995863958795,0.8145370654719388,5.598559640441052,6.103515625e-05,0.6795839957604664,0.6910370509557404,0.011453055195274064
gbsg2,clinical,,1,0.7673036456372451,0.11193946378973844,1.6606942864773844,0.0036339043467776464,0.033292742930054735,0.035926084583711757,,,,0.7808619588835933,592.6039332338727,0.8379246604892147,11.27796140563638,0.03125,0.6989268680445151,0.7510462752600742,0.05211940721555908
gbsg2,rbf,0.125,1,0.862443346929487,0.09949270814899037,1.3258269268116907,0.0029011530127170475,0.066734894034724,0.049478582388600756,,,,0.9797687815250082,628.4712509380041,0.8957078821428498,3.094201113585097,0.25,0.6777954425013248,0.7396696332484926,0.06187419074716771
gbsg2,rbf,0.25,1,0.7537073256377556,0.15023535587026232,1.6904995033729289,0.0036991236397657086,0.06530855985790554,0.04987330441451595,,,,0.9483011822234053,588.4585865850275,0.9377389994567803,2.439447766784885,0.03125,0.6828298887122417,0.7349037426760732,0.05207385396383146
gbsg2,rbf,0.5,1,0.5906453948734823,0.19703176093283073,2.570539733710077,0.00562481342168507,0.062171473903633666,0.04862110465457316,,,,0.8947139829058598,522.7907292293015,0.9788446330629645,1.6790051339291545,0.03125,0.6689851616322204,0.7558634119676808,0.08687825033546037
gbsg2,rbf,1.0,1,0.38768349730154394,0.21868413416029622,5.003104358175464,0.010947711943491168,0.05632079019482939,0.044183958425728254,,,,0.8145370654719388,427.32790636323875,1.0,0.999997382566992,0.00390625,0.6793190249072601,0.7448113288122854,0.06549230390502525
gbsg2,rbf,2.0,1,0.1981212446133947,0.19733117612910472,12.467474414992113,0.027281125634556046,0.04590969794119076,0.03519916072067113,,,,0.6904551620644975,312.41303246465094,0.9619088830136958,3.8952052322313055,0.00390625,0.6662029676735559,0.7730479493004903,0.10684498162693434
gbsg2,rbf,4.0,1,0.07819162063965632,0.14615042316290094,33.78156784258941,0.07392027974308404,0.03149830395957846,0.022358742131077677,,,,0.5190089576470269,208.08004143727447,0.8203011917483273,11.618806127201525,0.00048828125,0.6565315315315315,0.745580020840095,0.08904848930856346
gbsg2,rbf,8.0,1,0.02747387572895094,0.09715460816418252,80.90805004279524,0.17704168499517559,0.019299086249203574,0.012443362199335608,,,,0.3505071290231829,144.47290588342238,0.6090737979040632,24.32807259059306,0.00390625,0.6371224165341812,0.8624895372473993,0.22536712071321807
gbsg2,Q-1L,0.1,1,0.968811692022547,0.019448286655722964,1.0648404047925442,0.002330066531274714,0.022256790929851653,0.02677976383599465,,,,0.7461346958351972,665.41990663235,0.7935193233611052,4.056895664659869,16.0,0.6887254901960784,0.7260723253787944,0.037346835182715976
gbsg2,Q-1L,0.14677992676220694,1,0.9342342023156367,0.04048825267045982,1.1432391710562477,0.0025016174421362094,0.022084645639559964,0.02663424013256092,,,,0.7446853351528903,653.4792826041694,0.7962875043900481,3.92114769740734,2.0,0.6903153153153153,0.7220067986539348,0.031691483338619486
gbsg2,Q-1L,0.21544346900318834,1,0.864636364458407,0.0811160309468502,1.3250056522486042,0.0028993559130166395,0.021703027241912247,0.026302534205413296,,,,0.7411799418893773,628.7893378245718,0.801713722510116,3.6484281870256114,0.25,0.6913089560148383,0.7190003587229463,0.027691402708107993
gbsg2,Q-1L,0.31622776601683794,1,0.7349661159298853,0.1502650362033101,1.7739569249760825,0.003881743818328408,0.020839206081201357,0.025511772823162113,,,,0.7319429909293264,580.1084683224279,0.810923388685435,3.143307228904497,0.03125,0.6909114997350292,0.7148323397277122,0.02392083999268302
gbsg2,Q-1L,0.46415888336127786,1,0.5295015283548699,0.23992455101174312,2.946511587571741,0.006447508944358296,0.018869932981718872,0.023547384469522255,,,,0.7053827580388496,493.5944649506821,0.8197850370006898,2.696085452201333,0.03125,0.6865394806571277,0.7301549341487162,0.043615453491588574
gbsg2,Q-1L,0.6812920690579611,1,0.2951807800140495,0.3029780656004774,5.533297592696253,0.012107872194083704,0.014949473369570313,0.019128498459167174,,,,0.6331520164372094,372.4934730471057,0.8015573165988831,3.9409978343389884,0.03125,0.6732246952835188,0.7538648126953759,0.08064011741185706
gbsg2,Q-1L,1.0,1,0.1561524304425897,0.2864465786008452,9.225900121533787,0.020187965254997345,0.012216963964371315,0.015247655351582519,,,,0.539739290543292,283.4000531344603,0.7581895946147813,7.8301596650044125,0.03125,0.6644144144144144,0.7780871525939086,0.11367273817949419
gbsg2,Q-2L,0.1,1,0.9348253298789443,0.04008135491270929,1.1418427551614576,0.002498561827486778,0.022475991496230894,0.02558234147594207,,,,0.7296131399219536,653.6850100064897,0.7798692458941257,3.921816619250722,2.0,0.6902490726020137,0.720520660733503,0.030271588131489224
gbsg2,Q-2L,0.14677992676220694,1,0.8629213999555249,0.08253809302068228,1.3298053395493603,0.0029098585110489284,0.02221657504373641,0.024788153630370253,,,,0.7182659376382299,628.1684017555891,0.7763062713454889,3.6364832483352894,2.0,0.6791202967673556,0.735996993560069,0.056876696792713344
gbsg2,Q-2L,0.21544346900318834,1,0.7270928618024254,0.15708351406304666,1.8040230714439218,0.003947534073181448,0.021590774558306863,0.023533556747458384,,,,0.7005187400286116,577.0205892036822,0.7749903938581336,3.0989666816388888,0.25,0.6818362480127186,0.7323756000068328,0.05053935199411419
gbsg2,Q-2L,0.31622776601683794,1,0.5188764092624997,0.25110165967041675,2.996291891964507,0.006556437400359972,0.020299376037778583,0.021672898125829336,,,,0.6744219691865903,488.6948111885365,0.7813633011202883,3.0214647370714562,0.03125,0.6838235294117647,0.7282075810115987,0.04438405159983394
gbsg2,Q-2L,0.46415888336127786,1,0.3079822443500595,0.298746157415603,5.379593144032119,0.011771538608385382,0.01805745175103571,0.01935725302803745,,,,0.6324439176026339,379.92450535905965,0.7930898534461657,3.7933087559801444,0.03125,0.6732246952835188,0.7525494952255684,0.07932479994204955
gbsg2,Q-2L,0.6812920690579611,1,0.1768346634634243,0.277422814549842,9.07562373239721,0.01985913289364816,0.015101220554038373,0.016850149004543943,,,,0.5556007016418528,296.5284957361504,0.7715924010723428,8.106858959092497,0.03125,0.6617647058823529,0.7774551169265984,0.11569041104424549
gbsg2,Q-2L,1.0,1,0.11436220533430062,0.2357967163680998,14.140929867008698,0.030942953757130628,0.01372420084516871,0.014028225883661503,,,,0.4837207140627751,249.42829794853097,0.7302341440855521,11.98866893912813,0.00390625,0.6722310545839958,0.7601680873234143,0.08793703273941855
gbsg2,Q-3L,0.1,1,0.9049154946044238,0.057467466408778214,1.21571135243015,0.0026601998959084245,0.022395387845444075,0.025859275923464764,,,,0.733958559389595,643.191527151079,0.7849375522888365,3.7961469154417076,2.0,0.6850821409644939,0.7280709246510992,0.0429887836866053
gbsg2,Q-3L,0.14677992676220694,1,0.8046919821150998,0.11387710437019749,1.512310032277416,0.0033092123244582404,0.021953574533652168,0.024889390252945648,,,,0.7207218635556972,606.7645569056924,0.783321758755902,3.3892053535235243,0.25,0.6859432962374139,0.7241762183768641,0.038232922139450176
gbsg2,Q-3L,0.21544346900318834,1,0.6288477949761792,0.2016051502905439,2.286612647783955,0.0050035287697679535,0.02085506382430366,0.022945002834950087,,,,0.6951572533381077,537.1338608431524,0.7827568892526334,2.834332401071559,0.03125,0.684220985691574,0.7194274098495071,0.03520642415793318
gbsg2,Q-3L,0.31622776601683794,1,0.3979216654481155,0.28542995440192076,4.141209582062398,0.009061727750683585,0.018538075739077058,0.019616286257593343,,,,0.6518091560671253,429.3364259719407,0.7850419027648251,3.4036671468110296,0.03125,0.6789878113407525,0.7409678686732376,0.06198005733248513
gbsg2,Q-3L,0.46415888336127786,1,0.2192301943083925,0.29612732334591974,7.265097576660562,0.015897368876718953,0.015337520168697417,0.016957024320290826,,,,0.5878718528480699,323.859376314682,0.7818662207425554,5.556015204546407,0.03125,0.6654080551139374,0.7651731265267078,0.09976507141277036
gbsg2,Q-3L,0.6812920690579611,1,0.1312916558548305,0.2542205930266297,11.922552677721587,0.026088736712738703,0.014180334014119854,0.01630468790643121,,,,0.5095375317939751,262.2322650460372,0.7468125471425157,9.81655851958076,0.00390625,0.6761393746687865,0.7510291932150117,0.07488981854622523
gbsg2,Q-3L,1.0,1,0.08371683529167218,0.2045422590005463,19.63581689463676,0.04296677657469751,0.013955155623915362,0.013686802315508308,,,,0.43526228960045843,226.5198732663023,0.6953451026164217,13.355790841978937,0.00390625,0.6664016958134605,0.7771647221605371,0.11076302634707658
gbsg2,Q-ZZ,0.1,1,0.9685041712452106,0.019583132730349447,1.0655089201171581,0.0023315293656830595,0.022238653342913802,0.02698021234240795,,,,0.746169693614615,665.3146005195546,0.7943894021940282,4.055937439251682,16.0,0.6903815580286169,0.7305819852752772,0.040200427246660286
gbsg2,Q-ZZ,0.14677992676220694,1,0.9328692693588089,0.04105876956041395,1.146511389111689,0.0025087776566995383,0.02204490517245844,0.027071242917435494,,,,0.7446959332376314,653.0035677999167,0.7981903225153217,3.916804199347931,2.0,0.6925013248542661,0.728139252831349,0.03563792797708287
gbsg2,Q-ZZ,0.21544346900318834,1,0.8590113373913565,0.08322261257410152,1.3415888493791868,0.0029356429964533626,0.02162082128612307,0.027242535654365265,,,,0.740894425447095,626.7524783326111,0.8057975287631645,3.629932427590043,2.0,0.6778616852146264,0.746485369228404,0.06862368401377761
gbsg2,Q-ZZ,0.31622776601683794,1,0.7159372661622415,0.15545544059310398,1.8596130592413849,0.004069175184335634,0.020716217828211005,0.02745317522368642,,,,0.7302370788149205,572.6260347849717,0.8191919042424853,3.078018369741473,2.0,0.660174880763116,0.7760202251413539,0.1158453443782379
gbsg2,Q-ZZ,0.46415888336127786,1,0.4932450626618452,0.2378605000554133,3.3178464428205285,0.007260057861751703,0.01910231303032869,0.027294996166846684,,,,0.6995090572280276,476.8490140181784,0.8336862925416461,2.6546601419581792,0.25,0.6609697933227345,0.7749440563024206,0.11397426297968605
gbsg2,Q-ZZ,0.6812920690579611,1,0.2844211291977311,0.2634875981425242,6.571150752757201,0.014378885673429324,0.01629098627291643,0.022099034984538184,,,,0.6032382692101947,368.29501389069753,0.7944656362395625,5.84875351089688,0.03125,0.6672628510863805,0.770605216856562,0.10334236577018152
gbsg2,Q-ZZ,1.0,1,0.19916977939209074,0.25266871272090097,9.48121052268623,0.020746631340670087,0.017674965270069398,0.010474225209221148,,,,0.5017341126876638,319.5365086459153,0.7023419815261592,12.525536755589286,0.00390625,0.6623608903020668,0.7567004321757401,0.09433954187367333
gbsg2,P-Q-2L,0.1,1,0.4335244665627951,0.27106242749750575,3.801783303119231,0.008319000663280594,0.018800676514272047,0.022067273980033556,,,,0.6683283996869064,447.5589082595817,0.8058335288057151,3.1363495765382465,0.03125,0.6785903550609433,0.7437009958832271,0.0651106408222838
gbsg2,P-Q-2L,0.14677992676220694,1,0.42740366708359084,0.2741565832345967,3.8541628170553217,0.008433616667517116,0.019148997810431057,0.022165825248062446,,,,0.6566779409852753,444.7170797397781,0.7969005791345242,3.230639226130909,0.03125,0.6773979862215156,0.7447600826770981,0.06736209645558255
gbsg2,P-Q-2L,0.21544346900318834,1,0.41789916123536164,0.2769449105068651,3.9529378702958557,0.008649754639597058,0.019837833944992233,0.02283665137118361,,,,0.6380721965982569,440.58104151059905,0.7825817498747633,3.434066190029855,0.03125,0.6749470058293587,0.7475786201123998,0.0726316142830411
gbsg2,P-Q-2L,0.31622776601683794,1,0.4109800311683862,0.275970776846112,4.0532369418744185,0.008869227443926517,0.02103000743843811,0.02460066173314052,,,,0.6092706929419035,438.46243300015084,0.7582825949887533,3.923186703830863,0.03125,0.665341812400636,0.7523615927298816,0.08701978032924562
gbsg2,P-Q-2L,0.46415888336127786,1,0.4202578576135929,0.2595105401543324,4.0713837902366015,0.008908936083668712,0.021987426972462105,0.02774303979656925,,,,0.5861256301968657,444.24807052692313,0.7377832441638117,4.849068392122268,0.03125,0.6595786963434023,0.7598776925573529,0.10029899621395066
gbsg2,P-Q-2L,0.6812920690579611,1,0.39791240589483373,0.22937782391734496,4.702008812552795,0.010288859546067385,0.02040557287033525,0.03223810986345889,,,,0.6046567373011497,433.97195443390234,0.7548973073099067,8.698165965744009,0.03125,0.6488473767885533,0.7740728720042364,0.12522549521568305
gbsg2,P-Q-2L,1.0,1,0.39678136707493494,0.26189054883728397,4.391440369918147,0.009609278708792444,0.013424906494601372,0.020030974212892346,,,,0.4523678443397679,444.88524980702704,0.5906769835312264,18.881005988243505,0.03125,0.6104266030736619,0.7698365248287525,0.1594099217550906
gbsg2,linear,,2,-0.0175438596491228,3.200317844498234,6.077477637584109,0.013298638156639188,0.07134176141811531,0.07128982213889068,,,,1.0,0.9999959025697724,0.8154462271913909,5.384602287548992,0.00390625,0.7014894639302629,0.6834227476833554,-0.018066716246907477
gbsg2,clinical,,2,0.7627571942083616,0.11286483497263965,1.6794748009949925,0.003674999564540465,0.03925914184168694,0.05567682451953354,,,,0.7817025726427491,590.8453094215579,0.8343647725671604,11.619988320761722,0.00390625,0.7064314640675406,0.7166714316947242,0.0102399676271836
gbsg2,rbf,0.125,2,0.8623934374894567,0.0976947343822391,1.3266002182200414,0.002902845116455233,0.07263123323726726,0.07436944814410193,,,,0.982022098455104,628.4196004929012,0.8927627996907577,3.0725135796373437,0.03125,0.7043036584528795,0.7187904677015187,0.01448680924863921
gbsg2,rbf,0.25,2,0.7532667021508976,0.14979595528497705,1.69277192565417,0.003704096117405186,0.0723772262022992,0.07520237342512026,,,,0.9528788039986504,588.2568042300802,0.9350006447598956,2.4306537771179975,0.03125,0.694968769304688,0.740098551992062,0.045129782687374
gbsg2,rbf,0.5,2,0.5898495527890281,0.19899128216605136,2.57161799196151,0.005627172848931094,0.07038198730880033,0.07409870077879016,,,,0.8996175668783791,522.442728887855,0.9778462179539086,1.6762219761108048,0.00390625,0.6968906582469627,0.7252821176905871,0.028391459443624423
gbsg2,rbf,1.0,2,0.38752002530350543,0.22103715073990754,4.980529531961267,0.010898314074313494,0.06454862552255675,0.06867487214423709,,,,0.8154462271913909,427.02958394658896,1.0,0.9999973922478544,0.00390625,0.686457546846043,0.7493146768470089,0.06285713000096593
gbsg2,rbf,2.0,2,0.19902919201844613,0.19869680593095518,12.329216667687641,0.026978592270651292,0.05269452234780044,0.056210784939880555,,,,0.6876879310954542,312.3548705012645,0.9612912529693822,3.881894695674317,0.00390625,0.6734161575948933,0.7802256941524697,0.10680953655757641
gbsg2,rbf,4.0,2,0.07909303996267916,0.1471430003622999,33.29572005955723,0.0728571554913725,0.03707505896058506,0.036765355373326813,,,,0.5158160566478012,207.6783292064426,0.8190170307080278,11.835076647580117,0.00390625,0.6535795181549866,0.8198987571685643,0.1663192390135777
gbsg2,rbf,8.0,2,0.027906771526157753,0.09830004126457052,79.32087693249022,0.17356865849560224,0.024845258054480384,0.019114356976436462,,,,0.34801022157352285,140.2728349540298,0.6076849266293918,23.948127541081814,0.00390625,0.6362825176745144,0.8647853214712165,0.22850280379670207
gbsg2,Q-1L,0.1,2,0.9681755206672589,0.019582971014884945,1.0662304483569345,0.0023331082020939483,0.028264648763722127,0.046273625568202935,,,,0.748253473421512,665.2019403205799,0.7914781989563173,3.9850015005539854,16.0,0.6887226302422953,0.7338423504481929,0.04511972020589761
gbsg2,Q-1L,0.14677992676220694,2,0.9329159305267362,0.04073603632532602,1.1464318298680278,0.0025086035664508267,0.028105315297966314,0.046024575229748343,,,,0.7467495850189021,653.0193612460009,0.7943522378508518,3.8489172767599653,2.0,0.6900954080582058,0.7294024654815762,0.03930705742337037
gbsg2,Q-1L,0.21544346900318834,2,0.8620224337942951,0.08147562236028247,1.3328559754783416,0.0029165338631911195,0.02774705261679805,0.04545303460542598,,,,0.743120005764112,627.8413951769688,0.7999995509904467,3.5759830746610017,0.25,0.6924291303452537,0.7247439498158457,0.032314819470592004
gbsg2,Q-1L,0.31622776601683794,2,0.7302370618338438,0.15041626268930686,1.7958381502279601,0.00392962396111151,0.02691427590265565,0.04407562756326746,,,,0.733583928580886,578.2475489356644,0.8096518850523128,3.072084706254187,0.25,0.6842611023405861,0.745345688770791,0.06108458643020487
gbsg2,Q-1L,0.46415888336127786,2,0.5223589562587254,0.23860474261177814,3.018798274469018,0.00660568550212039,0.024931558268716073,0.040612400963655315,,,,0.706199634326806,490.277737176781,0.8192533079915477,2.7228659290121957,0.03125,0.6834374356510399,0.7400649164998907,0.05662748084885083
gbsg2,Q-1L,0.6812920690579611,2,0.28715736971311606,0.29822391819460853,5.773338843881038,0.012633126573043846,0.020788421890987535,0.03280579653066934,,,,0.6312119275051058,367.49403791672813,0.8010585691184714,4.002167450108581,0.03125,0.6747889354108038,0.7650056339449387,0.09021669853413494
gbsg2,Q-1L,1.0,2,0.14884562772767412,0.27925023706500557,9.793860369466774,0.021430766672793818,0.018283460795806207,0.02573359279340564,,,,0.5320268554200954,277.23365939641434,0.7544647423099449,7.828256376310641,0.00390625,0.6612670739240853,0.7506600965338626,0.08939302260977722
gbsg2,Q-2L,0.1,2,0.9335721758498163,0.04029937791090594,1.1448740176157999,0.00250519478690547,0.02857597195623062,0.04330605365750705,,,,0.7322227905713444,653.2480182277995,0.7784227060372976,3.84940957499684,2.0,0.6884480746791132,0.7277711441112662,0.039323069432153024
gbsg2,Q-2L,0.14677992676220694,2,0.8604414886766601,0.08278576025657226,1.3373164289030188,0.0029262941551488376,0.028371200219186442,0.04166297601900625,,,,0.7212820461897761,627.2686209207313,0.7755689783637174,3.5638542581406503,0.25,0.6912622692017297,0.7222212879029952,0.030959018701265495
gbsg2,Q-2L,0.21544346900318834,2,0.7227211232427488,0.15677830336659762,1.8251615246770216,0.003993788894260442,0.02782940263925032,0.039272764624057654,,,,0.704284597220044,575.2938663832898,0.7756484090928221,3.0297024287662233,0.25,0.6815155467087652,0.7435966431778813,0.06208109646911608
gbsg2,Q-2L,0.31622776601683794,2,0.5126569841636107,0.24846626312874878,3.0671960992525937,0.00671158883862712,0.026606190978488226,0.035937945587477337,,,,0.6791105326688741,485.79782162122444,0.7842829407290614,3.02030929287042,0.03125,0.6816528244903562,0.7373908948722692,0.05573807038191292
gbsg2,Q-2L,0.46415888336127786,2,0.30065393077558816,0.29296798447270134,5.617169619664986,0.012291399605393842,0.024010214584588303,0.031374713701783075,,,,0.6354611567562334,375.5264178010419,0.7968969599002756,3.8318001952496985,0.03125,0.6745143798476216,0.7638283917189418,0.08931401187132015
gbsg2,Q-2L,0.6812920690579611,2,0.16918029016783767,0.27247399960653007,9.539513434535952,0.02087420882830624,0.0200308269551227,0.025928815367888703,,,,0.5503837902828336,290.2065606131316,0.7691830371945289,8.083282666295078,0.03125,0.6636007962111332,0.7894418190074166,0.1258410227962834
gbsg2,Q-2L,1.0,2,0.11357211094518894,0.2324667805495981,14.49671679914328,0.03172148096092622,0.02027627714261698,0.023358790581780767,,,,0.4768633670154081,245.2673804409513,0.7240711820768798,11.883807942667548,0.00390625,0.6527558514654404,0.7672255764282471,0.11446972496280672
gbsg2,Q-3L,0.1,2,0.9033724342160684,0.05758200837556301,1.2198206696479268,0.0026691918373039974,0.028505896252735537,0.04381288090242614,,,,0.738877334312059,642.6452124324254,0.7850967809297016,3.724002092881402,2.0,0.6839179078866086,0.7385008661139234,0.05458295822731485
gbsg2,Q-3L,0.14677992676220694,2,0.802020073599471,0.11352098756954505,1.5223580845480338,0.0033311993097331154,0.02811835848717832,0.041906692066779834,,,,0.7271234463083533,605.7641271567059,0.7853532935430956,3.318934708738668,0.25,0.6841238245589951,0.7334555422882225,0.0493317177292274
gbsg2,Q-3L,0.21544346900318834,2,0.6249981986180367,0.1992530769445571,2.317115347923,0.0050702742842954045,0.027023837746955433,0.03843430599153724,,,,0.7032829888222929,535.5201189600523,0.7877377340391373,2.8170966644305167,0.25,0.6791131855309218,0.7578580918585291,0.07874490632760733
gbsg2,Q-3L,0.31622776601683794,2,0.3928995334315489,0.27939945791751614,4.271429240051908,0.009346672297706582,0.024336908017159934,0.03253071828650415,,,,0.6596333104526486,426.7560726701182,0.7922242692662667,3.4150328151101186,0.03125,0.6765735465714874,0.7526782260641429,0.07610467949265554
gbsg2,Q-3L,0.46415888336127786,2,0.2112459034421484,0.28943104843402684,7.674456015702647,0.016793120384469687,0.020124778181108426,0.02632357406763093,,,,0.5875826439515965,318.1201005710762,0.7837294839085813,5.57419610997593,0.03125,0.6646303795730661,0.7789979986882158,0.1143676191151497
gbsg2,Q-3L,0.6812920690579611,2,0.12466166279311933,0.24775961668531893,12.667012210146378,0.027717751006884853,0.01972159460168169,0.025771643532288717,,,,0.5009740008382146,254.78193070979785,0.7424678996697244,9.873776080244008,0.00390625,0.6579724071659002,0.7614739072669481,0.10350150010104786
gbsg2,Q-3L,1.0,2,0.08065451808610859,0.19968693908413618,20.63271426700208,0.045148171262586606,0.02020470499712607,0.023109685649286116,,,,0.42582200703438927,219.4504827256375,0.6893862458219865,13.527418963996906,0.00390625,0.6542659070629419,0.785910092329426,0.13164418526648414
gbsg2,Q-ZZ,0.1,2,0.9678486718809205,0.019728471959711943,1.0669422431247384,0.0023346657398790774,0.028176003759222593,0.04640983763518324,,,,0.748316613804873,665.0899819067279,0.7923272865655502,3.9840040191991832,2.0,0.6988125471892375,0.7209935924387414,0.022181045249503928
gbsg2,Q-ZZ,0.14677992676220694,2,0.9314638298885488,0.041353199220530344,1.1499264006767127,0.002516250329708343,0.027919574004731836,0.046325034002809455,,,,0.7468246841746297,652.5129323308987,0.7962199013102391,3.8443882823965216,2.0,0.692085935891276,0.7374245303644406,0.04533859447316457
gbsg2,Q-ZZ,0.21544346900318834,2,0.8560399881593324,0.08376150418468942,1.3506399444928974,0.002955448456220782,0.027377517976740054,0.046108547672062114,,,,0.7429518614131615,625.6719641402972,0.8040368240040104,3.5566837996920087,0.25,0.6938019081611642,0.7336069020029936,0.03980499384182945
gbsg2,Q-ZZ,0.31622776601683794,2,0.7101000908796798,0.1560836070307015,1.8880901334786842,0.004131488257064954,0.02628877862706411,0.045448187393356126,,,,0.7318899753627737,570.3045894404706,0.8178610149833476,3.004277345520846,0.03125,0.6946255748507104,0.7279225038260372,0.03329692897532677
gbsg2,Q-ZZ,0.46415888336127786,2,0.4846669072862809,0.23692488103035791,3.4177897069918393,0.007478752094074046,0.024511811334859458,0.043268509704504805,,,,0.6990500803927908,472.7565534584339,0.832750196123061,2.710704219448478,0.03125,0.6833001578694489,0.7540740989892535,0.07077394111980462
gbsg2,Q-ZZ,0.6812920690579611,2,0.27462433316763674,0.26012105680822,6.898617323655632,0.015095442721347116,0.02248007093064298,0.03377689485312222,,,,0.598240658774688,361.57956650062727,0.7925589045159659,5.897754103175261,0.03125,0.6640812684467019,0.7849851162947142,0.12090384784801234
gbsg2,Q-ZZ,1.0,2,0.1889578282955443,0.2486517768291381,10.049490607765376,0.021990132620930802,0.027404015567821682,0.019446377030657706,,,,0.48771110896044956,311.21462975525196,0.6933316380142578,13.421840936580542,0.03125,0.6421168233921339,0.8230436756865844,0.1809268522944505
gbsg2,P-Q-2L,0.1,2,0.4292437153426488,0.26725665318821307,3.8864382293375304,0.00850424120205149,0.024423015792281063,0.03565872554378918,,,,0.6701300107997149,445.4260291909105,0.8055126718663443,3.1678385554133883,0.03125,0.6800741300020592,0.7549990750239652,0.07492494502190605
gbsg2,P-Q-2L,0.14677992676220694,2,0.42332846375668953,0.2702150292665661,3.9391880213126718,0.008619667442697312,0.024491654356962107,0.03434656306949475,,,,0.6588048120314967,442.7749246016897,0.7962525663669092,3.262681279633684,0.03125,0.6760930743359187,0.7562604059803905,0.08016733164447176
gbsg2,P-Q-2L,0.21544346900318834,2,0.4120388660490771,0.2733799191226064,4.062303506734086,0.008889066754341545,0.02485759672535881,0.03324910492083357,,,,0.640150382225543,437.89282945239614,0.7812776643540992,3.476773405537758,0.03125,0.6724552131237559,0.758682161416727,0.08622694829297106
gbsg2,P-Q-2L,0.31622776601683794,2,0.40857503469428486,0.2725863670054084,4.116968007864618,0.009008682730557152,0.025692496697569196,0.03343288011005097,,,,0.6128668365058741,437.87220979729966,0.7556832159636261,4.010959155008643,0.03125,0.6650422129178393,0.7619279864112611,0.09688577349342187
gbsg2,P-Q-2L,0.46415888336127786,2,0.41661149603598946,0.2578472720792039,4.13713332914624,0.00905280816005742,0.02608883939163539,0.036523928505862946,,,,0.5955745227716609,443.26653609740464,0.7380765374245282,5.194884981919771,0.03125,0.6599629349989704,0.7677469265569028,0.10778399155793239
gbsg2,P-Q-2L,0.6812920690579611,2,0.39418096492656335,0.23169430677235656,4.744021943802344,0.010380791999567492,0.023260380460541685,0.04795831688822468,,,,0.6118103429960908,432.5922310763947,0.7529888100095498,10.383812127251195,0.03125,0.6509026014139612,0.7848842098182002,0.133981608404239
gbsg2,P-Q-2L,1.0,2,0.39557309036725224,0.2634259771953205,4.3943440178349125,0.009615632424146417,0.017910866810139994,0.051816951479166616,,,,0.42297065033900566,444.73185110756464,0.5714723361394792,22.838170526531517,0.00390625,0.6414304344841787,0.7205899665326853,0.07915953204850656
gbsg2,linear,,3,-0.017543859649122764,3.2735323568279338,5.7911275870711005,0.012672051612847048,0.059362364570234735,0.05259631651966028,,,,1.0,0.9999962458707611,0.8013896517443939,6.366456196600959,6.103515625e-05,0.7109280835676979,0.6811759498842435,-0.029752133683454418
gbsg2,clinical,,3,0.7637301125088775,0.11390447038524561,1.6746453048254106,0.003664431739224093,0.0338411126152559,0.03439962377960544,,,,0.7800584590550055,591.2318248258974,0.8282648364510398,11.99067320524357,0.03125,0.7172224454265435,0.7429694947569113,0.025747049330367866
gbsg2,rbf,0.125,3,0.8624063223483518,0.09877274155794734,1.3261894073292726,0.0029019461867161324,0.06167060366491138,0.05426952587453961,,,,0.9728749411213008,628.3573151770316,0.8896562230067082,3.0599664403579805,0.03125,0.7169546002410606,0.7054677924553997,-0.011486807785660913
gbsg2,rbf,0.25,3,0.7535007193012822,0.14852468321974635,1.6928480905562655,0.003704262780210647,0.061661638597070675,0.054994621582571804,,,,0.9407783199084347,588.1826684414514,0.9321145538461223,2.432333532535773,0.03125,0.7002812374447569,0.7220652321939262,0.021783994749169255
gbsg2,rbf,0.5,3,0.5898229155130759,0.19820830865106398,2.5738795225294093,0.005632121493499801,0.05969095648021212,0.05461942334631589,,,,0.8884189209892167,522.3734674530037,0.976396889788338,1.680388823102443,0.00390625,0.7087853220838355,0.7117663080484815,0.0029809859646460213
gbsg2,rbf,1.0,3,0.38717760528266043,0.22240802266665732,4.972063264683658,0.010879788325347172,0.0536522655348116,0.05050476118799979,,,,0.8013896517443939,427.28139497717916,1.0,0.9999973965300337,0.00390625,0.6927815722512388,0.7328237777475146,0.040042205496275796
gbsg2,rbf,2.0,3,0.19937182657890795,0.20074095192874436,12.186341344423832,0.026665954801802696,0.04218071479899657,0.04013624827497886,,,,0.667374194019402,313.66736324583326,0.9592264938996246,3.9331921147209576,0.00048828125,0.7027588054104728,0.713689908756639,0.010931103346166204
gbsg2,rbf,4.0,3,0.0800460550146686,0.14946591673539525,32.39106606497272,0.07087760626908692,0.027975590092473048,0.02595115998862816,,,,0.49479453522107963,210.8775334134048,0.8142737948057852,11.83592942394557,0.00048828125,0.6872907459488415,0.7416927686231786,0.054402022674337025
gbsg2,rbf,8.0,3,0.028747431188963453,0.1002770845872794,76.6501981800401,0.1677247224946173,0.016884971993045853,0.015264451330946192,,,,0.33413499852861184,147.28187026670273,0.6064244798811066,24.810283720735974,0.00048828125,0.6597026918441141,0.7870591039084843,0.1273564120643702
gbsg2,Q-1L,0.1,3,0.9683957166580506,0.01963064591217019,1.0657448293400082,0.0023320455784245258,0.025245511535236274,0.028253161673127483,,,,0.7437125012103238,665.2770867576128,0.7819018351684547,3.96544544805226,2.0,0.7076469800455337,0.7037484679286395,-0.0038985121168941816
gbsg2,Q-1L,0.14677992676220694,3,0.9333776205548655,0.04083774998887243,1.145292090419798,0.00250610960704551,0.025136173197063554,0.02810616828163148,,,,0.7419982128792033,653.1791077163168,0.7849139938962801,3.8328928584280955,2.0,0.6944556046605063,0.7149666348903718,0.020511030229865557
gbsg2,Q-1L,0.21544346900318834,3,0.862960567232981,0.0816905493931874,1.3299316780287243,0.0029101349628637293,0.024887316403296618,0.027772194972896225,,,,0.7379450097188603,628.1759484222196,0.7908680416168878,3.567197099151619,0.25,0.6996785857774207,0.7110513414135912,0.011372755636170462
gbsg2,Q-1L,0.31622776601683794,3,0.7320188931405684,0.15086249489478995,1.7870641822684858,0.003910424906495593,0.024296177369907586,0.026978308085826342,,,,0.727630612983117,578.9271950894419,0.8012203573022546,3.0771759422371363,0.03125,0.7054372572653007,0.7075956693449543,0.0021584120796536155
gbsg2,Q-1L,0.46415888336127786,3,0.525291763639343,0.23949741290668347,2.9873099302734096,0.006536783217228468,0.022841280283838094,0.02500025714315285,,,,0.6991408409629709,491.58164350303565,0.812465460082684,2.6846862099038353,0.03125,0.6908396946564885,0.7248229606427891,0.033983265986300526
gbsg2,Q-1L,0.6812920690579611,3,0.29079008744826734,0.2998127955078441,5.673660685383592,0.012415012440664314,0.019676526629913788,0.020512112033348708,,,,0.6236177475091635,369.81472637921775,0.7978544028036126,3.9067110301032972,0.03125,0.665930092406589,0.7482296064278905,0.08229951402130153
gbsg2,Q-1L,1.0,3,0.15181583561611198,0.2812907455123007,9.602721674062439,0.021012520074534878,0.017830328890600933,0.017059342804278673,,,,0.5243668622339053,280.4996270994643,0.7558089041911756,7.744198905570239,0.00390625,0.6709521896343913,0.7368752553452268,0.0659230657108355
gbsg2,Q-2L,0.1,3,0.9339854318749605,0.04048411769887126,1.143846037016133,0.002502945376402917,0.02591668112230487,0.026834737231915443,,,,0.7286548036099756,653.3908684581245,0.7698291166905246,3.834089001889399,2.0,0.6927815722512388,0.7135537246357074,0.020772152384468612
gbsg2,Q-2L,0.14677992676220694,3,0.8612823781764176,0.08322042924635685,1.334609588029897,0.0029203710897809563,0.025956475193292805,0.026057393897190043,,,,0.7176858652745984,627.5681741834187,0.7675323115127828,3.557249785253964,0.25,0.697401901700817,0.7101661446275365,0.012764242926719516
gbsg2,Q-2L,0.21544346900318834,3,0.7243420743141348,0.15770768038949137,1.8164352811337645,0.003974694269439309,0.025816235431414335,0.0249819999820049,,,,0.7000347069753573,575.9125036734939,0.7682885863261838,3.0374159190989616,0.03125,0.7022231150395072,0.7068636796949476,0.004640564655440382
gbsg2,Q-2L,0.31622776601683794,3,0.5154361210271231,0.25009907475124166,3.0331163694211503,0.006637016125648031,0.025237528580410114,0.023619425221907943,,,,0.672869444969674,487.03723392013467,0.7775208020079317,3.007419838175633,0.03125,0.683875719833936,0.7235973035544055,0.03972158372046952
gbsg2,Q-2L,0.46415888336127786,3,0.3043696814998376,0.29502572298868945,5.5103678204147934,0.012057697637669132,0.02355669341299205,0.021811454355681662,,,,0.6266478924917619,377.8499267818415,0.7910595892324632,3.8072821509420356,0.00390625,0.6887638944689969,0.7151879340868855,0.02642403961788864
gbsg2,Q-2L,0.6812920690579611,3,0.17199352436349935,0.2735305736079386,9.401988150985678,0.020573278229727963,0.0207669380921652,0.019432061562729513,,,,0.5411920340631636,293.6726725432051,0.7677823169792558,8.216921164470472,0.00390625,0.6744341770456675,0.7361773117254529,0.061743134679785316
gbsg2,Q-2L,1.0,3,0.11080167294126171,0.23129213827878392,14.745494778034454,0.03226585290598349,0.020969456988895598,0.018382282963633118,,,,0.46579787265073297,246.46908108399785,0.7302824851600151,12.012315375043775,0.00390625,0.6586982723985536,0.7537450633256162,0.09504679092706259
gbsg2,Q-3L,0.1,3,0.9038373937275433,0.05787823503701383,1.218523701269801,0.002666353832100221,0.02561009997484022,0.02672474524857171,,,,0.7337829919464032,642.8063842327521,0.7760035914668012,3.712167909828896,0.25,0.7020222311503951,0.7042421353670162,0.0022199042166211047
gbsg2,Q-3L,0.14677992676220694,3,0.8028193576014743,0.11429253837114552,1.5189927729945636,0.003323835389484822,0.025378225803237214,0.02564687130352582,,,,0.7210252734288342,606.0485716572091,0.7763704140162886,3.318419506820881,0.25,0.6882282040980313,0.7184903990194743,0.030262194921442997
gbsg2,Q-3L,0.21544346900318834,3,0.6263320146613526,0.20100543145366834,2.304485472229035,0.005042637794811893,0.02463815559154678,0.023831344828766254,,,,0.695204984434922,536.0311304585078,0.7788552914976588,2.8006059105116474,0.03125,0.6937190304004286,0.7135877706659404,0.019868740265511775
gbsg2,Q-3L,0.31622776601683794,3,0.395490387423447,0.2820598841230425,4.208005730619709,0.009207890001356037,0.022747415601349807,0.020927306160816884,,,,0.6490440631444745,428.0624640136718,0.7841170908299862,3.3921048035119794,0.00390625,0.6984063211463774,0.706608334468201,0.008202013321823687
gbsg2,Q-3L,0.46415888336127786,3,0.21549851023514532,0.29184552649663814,7.489873202476573,0.016389219261436702,0.01957982088068351,0.017543910002639412,,,,0.5770824732939777,321.8503604924769,0.7791924556459408,5.593334559357748,0.00390625,0.6824025713137807,0.7256230423532616,0.0432204710394809
gbsg2,Q-3L,0.6812920690579611,3,0.12722445895289938,0.2507258626855343,12.335821000828313,0.02699304376548865,0.019563499398882016,0.018061988883384218,,,,0.49105462481070755,260.07762400742854,0.7422905670516919,9.917300562775901,0.00390625,0.6704164992634257,0.7474465477325344,0.07703004846910866
gbsg2,Q-3L,1.0,3,0.08139366504592231,0.20048996076452313,20.447019447668854,0.04474183686579618,0.01894821252174695,0.016196511878656193,,,,0.4152442106349491,225.33523719616045,0.6928641179626863,13.398509279127971,0.00390625,0.650194187759475,0.772572518044396,0.12237833028492096
gbsg2,Q-ZZ,0.1,3,0.9680785754582608,0.01977343823511134,1.0664349155780852,0.0023335556139564228,0.02511803184063483,0.028302368779182,,,,0.7438311142421716,665.1684691058297,0.7826519570146748,3.9644181448327966,2.0,0.7103254319003616,0.7097916382949748,-0.0005337936053867454
gbsg2,Q-ZZ,0.14677992676220694,3,0.9319684480445692,0.04144201679786905,1.1486773606089238,0.0025135172004571637,0.024866022941921067,0.02821303016353195,,,,0.7421966966883594,652.6878117647882,0.7866042750753907,3.8282314470742485,2.0,0.6992768179991965,0.7226950837532343,0.023418265754037826
gbsg2,Q-ZZ,0.21544346900318834,3,0.8571499548244123,0.08391707909989153,1.3471402205143022,0.002947790416880311,0.02433668504546156,0.027995523338057493,,,,0.7380370098026373,626.0704638436138,0.7946748298634426,3.547333863941614,0.25,0.7006160439266104,0.7206693449543783,0.020053301027767922
gbsg2,Q-ZZ,0.31622776601683794,3,0.7123896636373117,0.15629292436035916,1.8763460136123074,0.004105789964140716,0.02329400814020886,0.02738431702077541,,,,0.7264022252608067,571.198825633606,0.8095158927677956,3.0065780433390774,0.03125,0.7024239989286193,0.7175371101729539,0.015113111244334565
gbsg2,Q-ZZ,0.46415888336127786,3,0.4879567458457261,0.23724574588260636,3.3791622073016634,0.0073942280247301165,0.021666388012025344,0.025460614831342245,,,,0.6926589620677432,474.30552869445046,0.8278692556960636,2.665901270648342,0.03125,0.6794562742734699,0.7380328203731444,0.058576546099674554
gbsg2,Q-ZZ,0.6812920690579611,3,0.2776766460617804,0.26057920231907744,6.808430683576075,0.014898097775877627,0.020098242531718477,0.019227036601204443,,,,0.5938227579752005,363.89138138453603,0.7964172806735194,5.823947141416269,0.03125,0.6560198205437258,0.7665974397385265,0.11057761919480069
gbsg2,Q-ZZ,1.0,3,0.19143353072752664,0.24903211595100969,9.93679396558036,0.02174353165334871,0.024966854878704096,0.018652892203581208,,,,0.4829421872587399,314.0878085553406,0.6986082049869843,12.564587230866119,0.00390625,0.6657292085174769,0.7506979436197739,0.08496873510229708
gbsg2,P-Q-2L,0.1,3,0.4274308822331,0.2701945344946355,3.886047020628698,0.008503385165489492,0.022245910324438452,0.022640478713420304,,,,0.6637572094067773,444.46585020986674,0.8020263250161732,3.1514245386828,0.03125,0.6773135127896076,0.7382881655998911,0.06097465281028347
gbsg2,P-Q-2L,0.14677992676220694,3,0.41920238978665036,0.2737436552861289,3.9634425938472075,0.008672740905573758,0.02192963452830924,0.021803364017267665,,,,0.6522482423182918,440.5971693476711,0.7937060499321588,3.2612168222872993,0.03125,0.6749698674166332,0.7399223750510691,0.06495250763443583
gbsg2,P-Q-2L,0.21544346900318834,3,0.4088474532482064,0.2768154220901637,4.0743527045912415,0.00891543261398521,0.021520794875683147,0.020900078313332418,,,,0.6333165235829651,436.13141849563715,0.7792533220030115,3.4971930596669,0.03125,0.6742332931565556,0.7423396431976031,0.06810635004104759
gbsg2,P-Q-2L,0.31622776601683794,3,0.4035892308121422,0.27637916597527434,4.150508592937441,0.00908207569570556,0.021031756265165964,0.020471487518436377,,,,0.6036282015127827,435.12644734164707,0.7529758776525839,4.087550106442228,0.03125,0.6758403642694523,0.7455569930546099,0.06971662878515761
gbsg2,P-Q-2L,0.46415888336127786,3,0.41814737601850543,0.2608824582042919,4.088916867120558,0.008947301678600783,0.020348683975066142,0.021785503450602203,,,,0.5811414445117666,443.94409512755124,0.7312068242032101,5.1266044438542355,0.03125,0.6834739520557118,0.7479572381860276,0.06448328613031573
gbsg2,P-Q-2L,0.6812920690579611,3,0.39740892061493577,0.23038203407788144,4.700657709283244,0.010285903083770776,0.017241148090171125,0.02503096347796023,,,,0.5958026478239744,434.53072729521807,0.7472290025887476,9.215214872303271,0.03125,0.6668675505557787,0.766733623859458,0.09986607330367925
gbsg2,P-Q-2L,1.0,3,0.3986002442540809,0.26371885270211703,4.345594238234511,0.00950895894580856,0.012272416135754671,0.025573751712275033,,,,0.4068823549213168,446.9747368482026,0.5592473131778537,22.094395343537624,0.00390625,0.6344582831123611,0.7157326705706115,0.08127438745825044
gbsg2,linear,,4,-0.0175438596491228,3.1949988315814246,6.0854127328748575,0.013316001603664897,0.07090859264886666,0.04822274226991908,,,,1.0,0.9999959356689454,0.8030388248224339,5.624058449756535,0.00390625,0.6721594684385382,0.69810740639519,0.025947937956651734
gbsg2,clinical,,4,0.7668574719167752,0.11271643522474194,1.6620987929662512,0.003636977665134029,0.04057112788525495,0.03053703920248253,,,,0.7758320363405612,592.4384468253048,0.8378150630152645,11.189104231047475,0.03125,0.685249169435216,0.7562858704564088,0.07103670102119286
gbsg2,rbf,0.125,4,0.8601555186847601,0.10225608589611147,1.3317881735285126,0.002914197316254951,0.07040974136800256,0.051163493384670966,,,,0.9791485338508359,627.6805443711013,0.8885141326589387,3.1322976700375276,0.25,0.6845847176079735,0.7439191035802132,0.05933438597223972
gbsg2,rbf,0.25,4,0.7503238234266418,0.15418070191340924,1.7016590752992111,0.0037235428343527594,0.06880363291783284,0.05232084304024097,,,,0.9458451360805773,587.2546577472526,0.9337121758368016,2.4609193146247303,0.03125,0.686843853820598,0.7375307461054933,0.05068689228489531
gbsg2,rbf,0.5,4,0.5867575288440857,0.20105798171842665,2.5903039528057294,0.00566806116587687,0.06569791248626561,0.05253141727509257,,,,0.8880755858284971,521.3231776152136,0.9777823543481446,1.6855488229556077,0.03125,0.674485049833887,0.7579769062585406,0.08349185642465362
gbsg2,rbf,1.0,4,0.3847087096679053,0.2205182999993755,5.04065197359297,0.011029873027555733,0.060561405596805465,0.05003110070066969,,,,0.8030388248224339,426.02149477602217,1.0,0.9999973738640691,0.00390625,0.6754152823920265,0.7474549057119432,0.07203962331991665
gbsg2,rbf,2.0,4,0.19662911192895924,0.19666150487419995,12.601170457591861,0.0275736771500916,0.051816498906060375,0.042224879683789796,,,,0.6770493188124761,311.4977930532943,0.9610990471973653,3.8896834594390963,0.00390625,0.6589368770764119,0.775707160426346,0.11677028334993411
gbsg2,rbf,4.0,4,0.07733875515735615,0.14495115851844284,34.33919533814462,0.07514047119944119,0.03997780181490358,0.030580479669479434,,,,0.5059418794278685,207.29034690834305,0.8166738779882875,11.533499166014176,0.00390625,0.6365448504983389,0.8171289969937141,0.18058414649537524
gbsg2,rbf,8.0,4,0.02699212140512823,0.09655003637225795,81.85532867421163,0.1791145047575747,0.030221629457415928,0.023361493895002517,,,,0.3389479898294539,142.98498984550912,0.6028023161482248,24.370783760649445,0.00390625,0.6116943521594684,0.8653491391090462,0.25365478694957777
gbsg2,Q-1L,0.1,4,0.9686053234307568,0.01957490699592007,1.0652873621157477,0.0023310445560519645,0.031182181665935105,0.021381059564893824,,,,0.7427438102372744,665.3493042403653,0.7934804955499692,4.118633604698246,2.0,0.6776079734219269,0.7139587318939601,0.03635075847203317
gbsg2,Q-1L,0.14677992676220694,4,0.9338095300999745,0.04074294869944813,1.1442476574293206,0.002503824195687791,0.0310842474902387,0.021269936838085785,,,,0.7411850957894554,653.3315903532031,0.7962794729140082,3.9829711035413053,0.25,0.6781395348837209,0.7103546050833561,0.03221507019963521
gbsg2,Q-1L,0.21544346900318834,4,0.8638074877203682,0.08158978204078951,1.3273846271606258,0.0029045615473974307,0.03085448939703643,0.021015729211413564,,,,0.7374569895867037,628.4907911350193,0.8017710258496441,3.710531631463654,0.25,0.6808637873754153,0.7205008198961464,0.03963703252073114
gbsg2,Q-1L,0.31622776601683794,4,0.7335223223028563,0.15101166375750846,1.7799281208221855,0.003894809892389903,0.03028039510990816,0.020406860622962212,,,,0.7278046376201275,579.548936188617,0.8111238474788838,3.2068400966358404,0.25,0.6846511627906977,0.7341315933315113,0.049480430540813636
gbsg2,Q-1L,0.46415888336127786,4,0.5275321887316486,0.2407574334702431,2.9611489903027404,0.006479538271997243,0.0287651834687346,0.018893258603546993,,,,0.7006401532865543,492.7195313422191,0.8203255494511839,2.7210704551099063,0.03125,0.6864451827242525,0.7304933041814703,0.044048121457217815
gbsg2,Q-1L,0.6812920690579611,4,0.29358423436733944,0.30353980256850044,5.551666812583499,0.012148067423596278,0.02519235295382423,0.01556734776548042,,,,0.6277790014742672,371.84524821657476,0.8025676091422853,3.86956853658904,0.03125,0.6821926910299003,0.7538432631866631,0.07165057215676274
gbsg2,Q-1L,1.0,4,0.155718643706979,0.2876955919729373,9.176748355743843,0.020080412156988716,0.02238272150393025,0.013509619175025562,,,,0.5323142180812226,285.4996402835564,0.757920127969053,7.562933488719944,0.03125,0.6677740863787376,0.7792258813883575,0.11145179500961988
gbsg2,Q-2L,0.1,4,0.9344235581884758,0.040342392002033434,1.142793263668274,0.0025006417148102276,0.03301733843274172,0.02116212950838503,,,,0.7258882794317227,653.5452886939681,0.7794961791246238,3.982715904529692,16.0,0.6855813953488372,0.7382993987428259,0.05271800339398869
gbsg2,Q-2L,0.14677992676220694,4,0.8621179506988401,0.08304631892842117,1.332106405175601,0.002914893665592125,0.033524422286914504,0.02092382817122094,,,,0.7143928195956085,627.8784820949264,0.7759642158904996,3.695782571952879,2.0,0.685514950166113,0.7361813336977316,0.050666383531618675
gbsg2,Q-2L,0.21544346900318834,4,0.7256081461651603,0.15795738950434476,1.81015391184201,0.003960949478866543,0.033942769655631054,0.02055252478304545,,,,0.6964002181453111,576.4401145960561,0.7747710816692408,3.1538605012501773,0.03125,0.6794684385382059,0.7151031702650997,0.0356347317268938
gbsg2,Q-2L,0.31622776601683794,4,0.5165681606238205,0.2522717302903965,3.012513542440743,0.00659193335326202,0.03379990570442946,0.019950952934543062,,,,0.6697807183529404,487.64039416781156,0.7813032174201997,3.0825052597618794,0.03125,0.686312292358804,0.728341076796939,0.04202878443813507
gbsg2,Q-2L,0.46415888336127786,4,0.30560983833374855,0.2994715637509827,5.409260289749196,0.011836455776256445,0.031654888477898616,0.018631717679899143,,,,0.6265375918178994,378.6650058355785,0.7928737684876382,3.724112452364593,0.03125,0.6836544850498338,0.7521180650450943,0.06846357999526043
gbsg2,Q-2L,0.6812920690579611,4,0.17537093853908955,0.27760332204525684,9.109888512386455,0.019934110530386115,0.026614796862139297,0.016266202434527807,,,,0.5466399760739441,296.55501544214985,0.7694072110985347,7.883261884125716,0.03125,0.6645182724252492,0.779618748291883,0.11510047586663386
gbsg2,Q-2L,1.0,4,0.11334502174654218,0.23740396009276812,14.036175392572941,0.03071373171241344,0.02504025603585199,0.01654419681529762,,,,0.47112240225337615,250.50218421471183,0.7243370818443754,12.003526016966719,0.03125,0.6396677740863788,0.8095962011478546,0.16992842706147582
gbsg2,Q-3L,0.1,4,0.9043492948392337,0.057872579569917405,1.2171548680138846,0.00266335857333454,0.03227885359432795,0.02056513714526632,,,,0.7303638290265307,642.9917067225819,0.7842317084624979,3.855760900298142,0.25,0.6780730897009967,0.7133608909538125,0.03528780125281583
gbsg2,Q-3L,0.14677992676220694,4,0.8036736136781911,0.11461203243090425,1.5156721106974222,0.0033165691700162412,0.03247898613248309,0.020038687901164025,,,,0.7169193514632377,606.3854612652453,0.782543673161762,3.4452170177416974,0.03125,0.6778737541528239,0.7087660562995354,0.03089230214671146
gbsg2,Q-3L,0.21544346900318834,4,0.6273938737004048,0.20265410508711995,2.2939528145699484,0.005019590403872972,0.03237023550250744,0.01921548284495455,,,,0.6909970400169576,536.5298751690667,0.7820268454540314,2.8881421368651408,0.25,0.6877740863787375,0.746020087455589,0.05824600107685152
gbsg2,Q-3L,0.31622776601683794,4,0.39666626137244126,0.28628307742145037,4.149951524679928,0.00908085672796483,0.03098724329678085,0.017769724761796755,,,,0.6475250155436618,428.72820889265483,0.7848009972265965,3.430188887549982,0.03125,0.6892358803986711,0.7401270839027057,0.05089120350403453
gbsg2,Q-3L,0.46415888336127786,4,0.21859673639128996,0.29591250992446533,7.2864649053964525,0.015944124519467074,0.026860532474351696,0.015664502643124117,,,,0.5832299095764313,323.84040037770484,0.7822484795974501,5.335134616545979,0.03125,0.6794019933554817,0.7675765236403389,0.08817453028485722
gbsg2,Q-3L,0.6812920690579611,4,0.12991490782786258,0.2548288422177829,11.92964682281818,0.026104260006166696,0.024002023039219476,0.01605012644933077,,,,0.49897659097791036,262.7136301018395,0.7439885440459791,9.629880261686726,0.03125,0.6489700996677741,0.7953846679420606,0.14641456827428656
gbsg2,Q-3L,1.0,4,0.08381019274112722,0.2062295603046572,19.366885365512115,0.04237830495735692,0.024253770886034916,0.01817378990496571,,,,0.42330528108136606,227.8052262505822,0.6909210523069761,13.339319172980328,0.00390625,0.6489700996677741,0.7773127903798852,0.12834269071211113
gbsg2,Q-ZZ,0.1,4,0.9683024370240431,0.019706100451031286,1.0659462440885672,0.002332486310915902,0.03105393804010554,0.021474109830951348,,,,0.7427007379387061,665.2455811560145,0.7942962768745055,4.117645683510362,2.0,0.6839867109634552,0.7190489204700737,0.035062209506618536
gbsg2,Q-ZZ,0.14677992676220694,4,0.9324656937467567,0.04129766623516762,1.14747377710615,0.0025108835385254926,0.030813167352825997,0.021471127248557022,,,,0.7410256955497457,652.8631940154742,0.7980633292270447,3.9784716916117473,0.25,0.6843853820598007,0.7160084722601804,0.03162309020037968
gbsg2,Q-ZZ,0.21544346900318834,4,0.8582718261840283,0.08363773259751779,1.3437486542375683,0.002940369046471703,0.030303387412214458,0.021440057996667553,,,,0.7368023009528069,626.4860666905862,0.8055949041487058,3.691175529117565,0.25,0.6932890365448505,0.728546050833561,0.03525701428871053
gbsg2,Q-ZZ,0.31622776601683794,4,0.7148040430199588,0.15606849797507455,1.8645618094212573,0.0040800039593462956,0.029289988218106112,0.021245620406093867,,,,0.7253135591155636,572.1886245122456,0.8188504214327296,3.13674770200797,0.03125,0.6897674418604651,0.7255226837933861,0.03575524193292101
gbsg2,Q-ZZ,0.46415888336127786,4,0.49202504761559984,0.23865343629369512,3.326924230454274,0.007279921729659243,0.027715633857059982,0.020431912393720057,,,,0.6934322235968333,476.3427682198962,0.8335840226435288,2.662120155220565,0.03125,0.6889700996677741,0.746293386171085,0.057323286503310866
gbsg2,Q-ZZ,0.6812920690579611,4,0.2847147232392629,0.26310910320958264,6.5725392313881095,0.014381923919886455,0.025893028905580838,0.017045177377364877,,,,0.5969800558047152,369.036043318545,0.7965217218228531,5.601886702423923,0.03125,0.6767441860465117,0.7743748291883028,0.09763064314179115
gbsg2,Q-ZZ,1.0,4,0.19478788837609232,0.25338226341673803,9.60526538711158,0.02101808618623978,0.03315296886599571,0.017968656070275847,,,,0.4922818313110404,317.7610817390605,0.7025230859817695,12.915507483290954,0.03125,0.6408637873754153,0.8065728341076797,0.1657090467322644
gbsg2,P-Q-2L,0.1,4,0.4317422837119828,0.272042251298665,3.816404264032952,0.008350994013201208,0.029078467553936605,0.018832517376784128,,,,0.6632264685813267,446.66098691606646,0.8050710124065665,3.1772615566646576,0.03125,0.6829900332225913,0.7442778081443017,0.061287774921710336
gbsg2,P-Q-2L,0.14677992676220694,4,0.4259304181306661,0.2751434495705718,3.864791124727041,0.00845687335826486,0.028985428086290545,0.01896248399985566,,,,0.6519415701133762,443.9669936001129,0.7957838110031623,3.2795721201025767,0.03125,0.6824584717607973,0.7452001913091009,0.06274171954830354
gbsg2,P-Q-2L,0.21544346900318834,4,0.41434907988633995,0.278314153897878,3.987448479375381,0.00872527019556976,0.028504900957635252,0.01933217367947481,,,,0.633602278203442,438.77909097914824,0.7813506368732304,3.4800226717585585,0.03125,0.6782059800664452,0.7482235583492758,0.07001757828283062
gbsg2,P-Q-2L,0.31622776601683794,4,0.4080185959449302,0.27714154500305455,4.082591835698698,0.00893346134726192,0.02731606619022808,0.020572891410384753,,,,0.6056371909772764,437.08425791535694,0.7565476107659834,3.91646841889351,0.03125,0.6754817275747508,0.7515543864443837,0.07607265886963288
gbsg2,P-Q-2L,0.46415888336127786,4,0.4191121561079741,0.26035407366328767,4.080054969608496,0.008927910217961698,0.02560119783149519,0.024218115690678596,,,,0.583503735749421,444.0620212445011,0.735519390803729,4.935936928555182,0.03125,0.6716943521594685,0.7597021044001093,0.08800775224064084
gbsg2,P-Q-2L,0.6812920690579611,4,0.39684569117837293,0.22974723077528522,4.717017479507168,0.010321701268068202,0.02280849268396265,0.03400614656746868,,,,0.5990504396231714,434.2188650272969,0.7508737378276344,8.920652666010373,0.03125,0.6413953488372093,0.7797895599890681,0.1383942111518588
gbsg2,P-Q-2L,1.0,4,0.3962009962733811,0.2633057376504971,4.386000933463465,0.00959737622202071,0.013794324507399413,0.029629478435108016,,,,0.4390863546279751,444.6064191901334,0.583282671911741,20.266763171727067,0.03125,0.6360132890365449,0.7579769062585406,0.12196361722199578
